key,image,base_ground_unique,target_ground_unique,preserved_ground_unique,disappeared_ground_unique,added_ground_unique,base_hall_unique,target_hall_unique,removed_hall_unique,retained_hall_unique,added_hall_unique,ground_disappeared_words,ground_added_words,hall_removed_words,hall_added_words,base_caption,target_caption
101636,COCO_val2014_000000101636.jpg,4,3,3,1,0,0,0,0,0,0,umbrella,,,,"The image features a black car with a bicycle rack on top, parked on a street. The car is surrounded by a crowd of people, some of whom are holding umbrellas, indicating that it might be raining. There are at least 13 people visible in the scene, with some standing closer to the car and others further away.

In addition to the car and people, there are two bicycles in the scene. One bicycle is located near the left side of the car, while the other is positioned closer to the center of the image. The presence of the b","The image features a black car with a bicycle rack on top of it, parked on a street. The car is parked in front of a crowd of people, who are gathered around the car and the bicycles. There are several people standing around the car, some closer to the car and others further away.

In addition to the car and bicycles, there are multiple bicycles scattered throughout the scene. Some bicycles are parked near the car, while others are placed in various locations around the crowd. The people in the scene are engaged in conversations and observing the car"
102671,COCO_val2014_000000102671.jpg,2,2,2,0,0,0,0,0,0,0,,,,,"The image features a white plate with two chocolate-covered donuts on it. The donuts are placed side by side, and each one has sprinkles on top. The plate is placed on a dining table, and a napkin is also visible on the table, covering a portion of the table's surface. The scene creates an inviting and appetizing atmosphere, showcasing the delicious treats.","The image features a white plate with two chocolate-covered donuts on a dining table. The donuts are placed on the plate, one on the left side and the other on the right side of the plate. The donuts are topped with chocolate frosting and sprinkles, making them visually appealing and delicious-looking. The plate is placed on a dining table, and a napkin is placed on the table next to the plate."
103255,COCO_val2014_000000103255.jpg,3,4,3,0,1,1,0,1,0,0,,car,handbag,,"The image features a train station with a train parked on the tracks. The train is predominantly red and white, and it appears to be a passenger train. The train is positioned near a platform, and there are traffic lights visible in the scene.

There are several people in the image, with some standing near the train and others scattered around the platform. A handbag can be seen on the platform, likely belonging to one of the passengers. The overall atmosphere of the scene suggests a busy train station with people waiting for their train or just arriving at the station.","The image features a train station with a train stopped at the station. The train is a long, red and white train with a blue and blue train car attached to it. The train is positioned on the tracks, waiting for passengers to board or disembark.

There are multiple traffic lights in the scene, with one located near the train and others scattered around the station. A person can be seen standing near the train, possibly waiting for the train to depart or preparing to board the train."
10449,COCO_val2014_000000010449.jpg,1,1,1,0,0,0,0,0,0,0,,,,,"The image features a group of elephants walking through a river, with some of them standing in the water. There are three elephants in total, with one on the left side, another in the middle, and the third on the right side of the river. The elephants appear to be enjoying their time in the water, possibly cooling off or searching for food.

The river is surrounded by a lush green landscape, with trees and rocks visible in the background. The scene captures the beauty of nature and the majestic presence of these gentle giants.","The image features a group of elephants walking through a river, with three elephants prominently visible in the scene. They are walking across the river, possibly searching for food or water. The elephants are spread out, with one elephant on the left side of the river, another in the middle, and the third elephant on the right side of the river.

The river is surrounded by a lush green landscape, with trees and rocks surrounding the riverbank. The elephants appear to be enjoying their time in the river, possibly cooling off or exploring the area."
105220,COCO_val2014_000000105220.jpg,2,2,2,0,0,0,0,0,0,0,,,,,"The image captures a group of people skiing on a snow-covered slope, with a red tunnel-like structure in the background. There are three main skiers in the scene, with one person in the center and two others on the right side. They are all wearing skis and appear to be enjoying their time on the snow.

In addition to the main skiers, there are two more people in the background, one on the left side and another on the right side of the scene. A pair of skis can be seen lying on the snow, possibly belonging to one of the skiers who","The image captures a group of people skiing on a snow-covered slope, with a red tunnel or tunnel-like structure in the background. There are three people in the scene, with one person skiing in the foreground, another in the middle, and the third person further back. The skiers are wearing skis and appear to be enjoying their skiing experience.

The skiers are also holding ski poles, with one person holding a ski pole in the foreground, another in the middle, and the third person holding a ski pole in the background. The skiers are skiing in"
105552,COCO_val2014_000000105552.jpg,2,3,2,0,1,0,0,0,0,0,,truck,,,"The image features a large white airplane parked on the tarmac at an airport. The airplane is positioned in the middle of the scene, with a staircase leading up to its door. Another smaller airplane can be seen in the background, closer to the right side of the image.

There are several people scattered around the airplane, likely preparing for boarding or disembarking. Some of them are standing near the staircase, while others are positioned closer to the airplane's door. The scene captures the busy atmosphere of an airport as passengers and staff","The image features a large airplane parked on the runway at an airport. The airplane is a white and red commercial airplane, and it appears to be a Jet2 airplane. The airplane is parked on the runway, and there is a staircase attached to the side of the airplane, allowing passengers to board or disembark.

In addition to the airplane, there are several vehicles around the airplane, including a truck and a truck-like vehicle parked near the airplane. There are also two trucks parked near the airplane, one"
10580,COCO_val2014_000000010580.jpg,1,1,1,0,0,0,0,0,0,0,,,,,"The image features a group of three giraffes standing together in a grassy field. They are positioned close to each other, with one giraffe on the left, another in the middle, and the third on the right side of the scene. The giraffes appear to be looking in the same direction, possibly observing something in the distance.

The field is surrounded by trees, providing a natural and serene environment for the giraffes. The scene captures the beauty and grace of these majestic animals as they stand together in their natural habitat.","The image features a group of three giraffes standing together in a grassy field. They are positioned close to each other, with one giraffe on the left, another in the middle, and the third on the right. The giraffes are facing the same direction, possibly looking at something in the distance.

The giraffes are surrounded by a lush green field, which provides a natural habitat for them. The giraffes' long necks and legs are clearly visible, showcasing their unique features."
109005,COCO_val2014_000000109005.jpg,1,1,1,0,0,0,0,0,0,0,,,,,"The image features a grassy field with two elephants walking through it. One elephant is larger and positioned towards the center of the field, while the other is smaller and located closer to the left side. Both elephants are walking in the same direction, with the larger one slightly ahead of the smaller one.

In addition to the elephants, there are two rhinos in the scene. One rhino is located on the left side of the field, while the other is on the right side. The presence of these animals creates a diverse and lively atmosphere in the field.","The image features a grassy field with two elephants walking through it. One elephant is larger and positioned towards the center of the field, while the other elephant is smaller and located towards the left side of the field. The elephants are walking in opposite directions, with the larger elephant walking towards the right and the smaller elephant walking towards the left.

In addition to the elephants, there are two rhinos in the scene. One rhino is located on the left side of the field, while the other rhino is on the right side. The rhinos are"
109045,COCO_val2014_000000109045.jpg,1,1,1,0,0,1,0,1,0,0,,,person,,"The image features a white airplane parked on a runway, with its nose pointing towards the camera. The airplane is a small propeller plane, and it appears to be a private aircraft. The plane is surrounded by a few other airplanes, with one located to the left and another to the right.

There are two people visible in the scene, one standing closer to the left side of the image and the other near the center. They seem to be observing the airplane or possibly attending to it.","The image features a white airplane parked on a runway, with its nose pointing towards the camera. The airplane is a small propeller plane, and it appears to be a single-engine plane. The airplane is parked on the runway, and there is a building in the background.

There are several other airplanes in the scene, with one airplane located behind the main airplane and two other airplanes positioned further back. The presence of multiple airplanes suggests that this location might be a small airport or an airport with limited facilities."
10928,COCO_val2014_000000010928.jpg,1,1,1,0,0,1,1,0,1,0,,,,,"The image features a street corner with a traffic light and two street signs. The street signs are positioned above the traffic light, providing directions for drivers and pedestrians. The traffic light is located on the left side of the scene, while the street signs are on the right side.

In the background, there are several windows on the buildings, indicating that the scene takes place in a city. The presence of the traffic light and street signs suggests that this is an urban area with a well-organized transportation system.","The image features a street corner with a street sign for Madison Avenue and East 42nd Street. The street sign is positioned on a pole, and the street sign for East 42nd Street is located below it. The street signs are placed on a pole, and the street sign for Madison Avenue is positioned above the East 42nd Street sign.

The street corner is located in a city, with a building visible in the background. The street corner is also equipped with a traffic light, ensuring the safety of pedestrians and drivers in the area."
109425,COCO_val2014_000000109425.jpg,2,2,2,0,0,1,0,1,0,0,,,car,,"The image features a busy city street with a traffic light hanging above the street. The traffic light is displaying a red light, indicating that vehicles must stop. The street is lined with tall buildings, giving the impression of a bustling urban environment.

There are several traffic lights in the scene, with one prominently visible in the foreground and others further down the street. A bicycle is also present in the scene, parked near the center of the image. The presence of the bicycle and the traffic lights suggest that this is a city where both cars and bicycles are commonly used for","The image features a busy city street with a traffic light at a street corner. The traffic light is displaying a red light, indicating that vehicles must stop. The traffic light is located near a street corner, and there is a street sign nearby. 

The scene also features a bicycle crossing signal, which is a traffic light specifically designed for cyclists. The bicycle crossing signal is located next to the traffic light, indicating that cyclists should also stop at the red light. The traffic light is positioned on a pole, and the street corner is located near a tall building."
110138,COCO_val2014_000000110138.jpg,2,2,2,0,0,0,0,0,0,0,,,,,"The image features a parking lot with several red and yellow buses parked next to each other. There are five buses in total, with one bus being larger and occupying a significant portion of the parking lot. The other four buses are smaller and positioned behind the larger bus.

A man is standing near the left side of the parking lot, possibly observing the buses or waiting for one. The scene appears to be set in a city, with a building visible in the background.","The image features a parking lot with a row of red and yellow buses parked next to each other. There are five buses in total, with one bus being red and yellow, and the other four being red and yellow buses parked in a row. 

A man is standing near the buses, possibly admiring the buses or waiting for one of the buses. The man is positioned on the left side of the image, close to the buses. The buses are parked in a row, with the red and yellow buses being the most prominent, and the other four bus"
110601,COCO_val2014_000000110601.jpg,2,2,2,0,0,3,0,3,0,0,,,bottle; cup; toothbrush,,"The image depicts a small, narrow bathroom with a white toilet situated in the middle of the room. The bathroom features a sink on the right side, and a mirror is mounted above it. The room is decorated with a few towels, including a blue towel hanging on the left side of the bathroom and a red towel hanging on the right side. 

There are also a few other items in the bathroom, such as a cup placed on the sink, a bottle located near the sink, and a toothbrush resting on the counter. The","The image depicts a small, narrow bathroom with a white toilet situated in the corner of the room. The bathroom features a sink with a sink cabinet underneath it, and a towel rack is located above the toilet. The bathroom is decorated with a few towels, including a blue towel hanging on the towel rack and a red towel hanging on the towel rack as well.

The bathroom also features a window, which allows natural light to enter the space. The bathroom is equipped with a toilet paper roll"
111054,COCO_val2014_000000111054.jpg,2,2,2,0,0,0,0,0,0,0,,,,,"The image features a giraffe standing in a grassy area, with its long neck stretched out as it eats grass. The giraffe is the main focus of the scene, and it appears to be enjoying its meal.

In the background, there are several people scattered around the area, possibly observing the giraffe or enjoying the outdoors. Some of them are closer to the giraffe, while others are further away, creating a lively atmosphere.","The image features a giraffe standing in a grassy area, with its long neck stretched out as it eats grass. The giraffe is the main focus of the image, and it appears to be enjoying its meal.

In the background, there are several people observing the giraffe from a distance. They are likely visitors to the zoo or zoo visitors who have come to see the giraffe up close. The people are scattered around the area, with some standing closer to the giraffe and others further away."
11260,COCO_val2014_000000011260.jpg,1,1,1,0,0,1,1,0,1,0,,,,,"The image features a train traveling on tracks over a bridge, with a body of water visible in the background. The train is positioned in the middle of the scene, and it appears to be a passenger train. The tracks are situated above the water, providing a unique perspective of the train crossing the bridge.

There are several people in the scene, with some standing near the water and others closer to the train tracks. They seem to be observing the train as it passes by. The overall atmosphere of the image is that of a busy transportation hub with people going about their daily activities.","The image features a train traveling on tracks over a bridge, with a train station visible in the background. The train is positioned in the middle of the scene, and the train station is located on the right side of the image. The train appears to be a passenger train, as it is designed to transport passengers rather than cargo.

The train station features a platform, which is situated on the right side of the image. The platform is situated next to the train tracks, providing a convenient location for passengers to board and disembark the train. The train station appears to be a busy station, as it is likely a"
113588,COCO_val2014_000000113588.jpg,5,3,3,2,0,2,0,2,0,0,mouse; tv,,backpack; chair,,"The image depicts a group of people working on computers in a room. There are three people in the scene, with one man sitting at a desk using a laptop, another man sitting at a desk with a computer, and a woman standing nearby. 

The room is furnished with two desks, one of which has a laptop and a mouse on it. There are also two TVs in the room, one on the left side and another on the right side. A chair is positioned near the desk with the laptop, and a backpack can be seen placed on the floor. Additionally, there","The image depicts a group of people working on computers in a room. There are three people in the scene, with one man sitting at a desk using a laptop, another man sitting at a desk using a laptop, and a woman standing behind the man using the laptop. The woman is standing behind the man using the laptop, and the woman standing behind the man using the laptop is standing behind the man using the laptop.

There are three laptops in the scene, with one laptop being used by the man using the laptop, another laptop being used by the man using the laptop, and the third laptop being"
113678,COCO_val2014_000000113678.jpg,2,2,2,0,0,0,0,0,0,0,,,,,"The image features a dog wearing a hat and a person petting it. The dog is positioned in the left side of the image, while the person is on the right side. The dog appears to be a beagle, and the person is likely the owner or a friend.

In the background, there is another dog, possibly a smaller one, located towards the right side of the image. The scene seems to be a casual and friendly interaction between the two dogs and the person.","The image features a dog wearing a hat and a hat on its head, both of which are red in color. The dog is standing next to a person, who is also wearing a red hat. The dog appears to be a large dog, and the dog's hat is placed on its head, while the person's hat is placed on the dog's head.

In the image, there are two people present, one of whom is holding the dog's hat while the other is holding the dog's hat. The scene appears to be a playful and fun moment between the person and the dog"
113935,COCO_val2014_000000113935.jpg,2,2,2,0,0,2,3,0,2,1,,,,handbag,"The image depicts a busy city street with a red brick wall on the side. A car is driving down the street, and there are several other cars parked or moving along the road. A traffic light is visible in the scene, indicating the flow of traffic.

There are multiple people walking along the sidewalk, some closer to the camera and others further away. A fire hydrant can be seen on the sidewalk, and a trash can is placed nearby. The scene captures the hustle and bustle of city life, with people going about their daily routines.","The image depicts a busy city street with a red brick wall and a red brick building in the background. A car is driving down the street, and there are multiple cars parked along the street as well. A traffic light is visible on the right side of the street, indicating that the street is a busy intersection.

There are several people walking along the sidewalk, with some of them carrying handbags. A fire hydrant is also visible on the sidewalk, adding to the urban atmosphere of the scene. The street is bustling with activity, showcasing the hustle and bustle"
114348,COCO_val2014_000000114348.jpg,3,2,2,1,0,0,0,0,0,0,person,,,,"The image features a city street with two parking meters positioned next to each other. The parking meters are located on the sidewalk, and one of them has a sticker on it, possibly indicating a change in payment methods or a temporary restriction. 

There are several cars parked along the street, with one car parked in front of the parking meters and others parked further down the road. A person can be seen walking on the sidewalk, possibly a pedestrian passing by or a driver attending to their vehicle.","The image features a parking meter on a city street, with two parking meters positioned next to each other. The parking meters are located on the sidewalk, and they are both covered in stickers. The parking meters are located near a parking lot, where several cars are parked.

There are multiple cars parked in the parking lot, with some cars parked closer to the parking meters and others parked further away. The cars are parked in various positions, indicating a busy parking area."
115749,COCO_val2014_000000115749.jpg,1,1,1,0,0,0,0,0,0,0,,,,,"The image features a herd of elephants, including a large adult elephant and two smaller baby elephants, standing together in a dirt field. The adult elephant is positioned towards the left side of the image, while the two baby elephants are standing close to it. The elephants appear to be enjoying their time in the open field, possibly in a natural habitat or a wildlife reserve.","The image features a herd of elephants, including a large adult elephant and two smaller elephants, standing together in a dirt field. The adult elephant is positioned in the middle of the scene, with the two smaller elephants standing close to it. The elephants appear to be walking together, possibly as a family unit.

The elephants are surrounded by a natural environment, with trees in the background and a dirt field beneath their feet. The elephants appear to be enjoying their time together, possibly exploring their surroundings or moving through their habitat"
118921,COCO_val2014_000000118921.jpg,2,2,2,0,0,0,0,0,0,0,,,,,"The image features a woman wearing a purple jacket and skiing down a snow-covered slope. She is holding ski poles in her hands, maintaining her balance and control as she glides down the hill. The woman appears to be enjoying her skiing experience in the snowy environment.

The scene also includes a few trees scattered around the slope, adding to the wintery atmosphere. The woman is the main focus of the image, showcasing her skiing skills and the beauty of the snowy landscape.","The image features a woman wearing a purple jacket and skiing down a snow-covered slope. She is skiing on a snowy path, surrounded by trees and a snow-covered landscape. The woman is holding her ski poles in her hands, maintaining her balance and control while skiing.

The woman is the main focus of the image, and her skiing equipment, including her skis, can be seen clearly in the image. The woman appears to be enjoying her skiing experience, surrounded by the beautiful snowy landscape."
120648,COCO_val2014_000000120648.jpg,3,3,3,0,0,1,1,1,0,1,,,chair,person,"The image features a cozy hotel room with a large bed situated in the center of the room. The bed is adorned with a floral comforter, adding a touch of warmth and elegance to the space. The room is well-lit, with two lamps on either side of the bed, providing ample lighting for the occupants.

In addition to the bed, there is a dining table located towards the right side of the room, accompanied by a chair. A suitcase can be seen placed near the right edge of the room, indicating that the room is likely being used for travel","The image features a hotel room with a neatly made bed, a desk, and a desk lamp. The bed is positioned in the center of the room, and the desk is located near the right side of the room. The desk lamp is placed on the desk, providing light for the desk area.

The room also features a bedside table with a lamp on it, providing additional lighting for the room. A suitcase is placed on the right side of the room, indicating that the room is likely being used by a traveler. The room appears to be well-maintained"
121633,COCO_val2014_000000121633.jpg,1,2,1,0,1,0,0,0,0,0,,person,,,"The image features a group of elephants, both large and small, standing in a body of water. There are at least five elephants visible in the scene, with some of them partially submerged in the water. The elephants are spread out across the water, with some closer to the foreground and others further back.

The elephants appear to be enjoying their time in the water, possibly cooling off or socializing with each other. The scene captures the beauty and majesty of these magnificent creatures in their natural habitat.","The image features a group of elephants, including both adult and baby elephants, standing and wading in a body of water. The elephants are gathered around the water, with some of them partially submerged in the water. The elephants are of various sizes, indicating a mix of adult and baby elephants.

There are a total of six elephants in the scene, with some of them standing close to each other and others spread out. The elephants are enjoying their time in the water, possibly cooling off or socializing with one another."
12192,COCO_val2014_000000012192.jpg,3,3,3,0,0,0,0,0,0,0,,,,,"The image features a young boy standing on a beach, holding a tennis racket and a blue ball. He appears to be enjoying his time at the beach, possibly playing a game of beach tennis. 

In the background, there are a few other people scattered around the beach, some closer to the water and others further away. The scene captures a relaxed and fun atmosphere, with the young boy being the main focus of the image.","The image features a young boy standing on a beach, holding a tennis racket and a tennis ball. He appears to be enjoying his time at the beach, possibly playing a game of tennis or tennis ball. The boy is the main focus of the image, with the tennis racket and tennis ball in his hands.

In the background, there are a few other people present, possibly enjoying the beach as well. The beach setting and the presence of other people suggest that this is a popular beach spot for beachgoers to enjoy their time."
122217,COCO_val2014_000000122217.jpg,2,2,2,0,0,0,0,0,0,0,,,,,"The image captures a thrilling moment of two young men riding skateboards down a steep hill. One skateboarder is in the foreground, while the other is further back, both skillfully navigating the downhill slope. The skateboarders are wearing helmets for safety, and their skateboards are clearly visible beneath them.

The scene takes place on a street with a curved road, adding to the excitement of the ride. The skateboarders are likely enjoying the thrill of speed and the challenge of maintaining balance on their boards as they descend the","The image captures a thrilling moment of two skateboarders riding their skateboards down a steep hill on a curvy road. The skateboarders are skillfully navigating the steep hill, showcasing their skills and balance.

There are two skateboards visible in the image, one closer to the left side of the image and the other closer to the right side. The skateboarders are positioned on their respective skateboards, with one skateboarder slightly ahead of the other. The skateboarders are likely enjoying the thrill of the downhill"
122317,COCO_val2014_000000122317.jpg,3,2,2,1,0,0,0,0,0,0,car,,,,"The image features a group of people gathered in a desert-like area, flying a large kite high in the sky. The kite is soaring above the people, creating a lively atmosphere. There are at least 13 people visible in the scene, with some standing closer to the kite and others scattered around the area.

In addition to the people and the kite, there are two cars parked in the background, one on the left side and the other on the right side of the scene. The presence of the cars suggests that the people might have driven to this location to enjoy the kite-","The image captures a lively scene at a beach, where a group of people is enjoying a day of kite flying. There are several people scattered across the beach, with some standing closer to the water and others further back on the beach. 

In the sky, a large kite is flying high, capturing the attention of the people on the beach. The kite is positioned towards the center of the image, with its long tail trailing behind it. The people on the beach are scattered around the beach, with some standing closer to the water and others further back on the beach. The beachgoers"
123213,COCO_val2014_000000123213.jpg,3,3,3,0,0,0,0,0,0,0,,,,,"The image captures a baseball game in progress, with a batter standing at home plate, holding a baseball bat and preparing to swing. The catcher and the umpire are positioned behind the batter, ready for the pitch. 

There are several other people in the scene, including teammates and opponents, some of whom are standing in the background. A bench can be seen in the background, likely for the players to sit on when they are not actively participating in the game. The atmosphere is lively, with everyone focused on the ongoing match.","The image captures a moment during a baseball game, with a batter at the plate, holding a baseball bat and preparing to swing. The batter is in the process of swinging the bat, while the catcher and the umpire are closely watching the play. 

There are several other people in the scene, including teammates and possibly coaches, who are watching the game from various positions around the field. Some of them are standing near the benches, while others are scattered around the field. The scene captures the excitement and anticipation of a crucial moment in the game."
125182,COCO_val2014_000000125182.jpg,0,0,0,0,0,1,0,1,0,0,,,traffic light,,"The image features a street sign with a large red neon sign above it, indicating the location of the public market. The street sign is positioned on a pole, and the neon sign is attached to a building. The scene also includes a fish sign, which is likely related to the public market.

There are two traffic lights in the scene, one on the left side and the other on the right side of the image. The traffic lights are positioned at different heights, with one being higher than the other. The overall atmosphere of the image suggests a bustling urban environment with various signs and traffic lights.","The image features a street sign with a large neon sign above it, both located on a street corner. The neon sign reads ""Public Market,"" while the street sign below it indicates the intersection of Pine Street and Pine Street Place. The street sign is positioned on a pole, and the neon sign is mounted on a building.

The scene also features a fish sign, which is located near the street sign and the neon sign. The fish sign is likely related to a nearby business or attraction. The overall scene captures a busy street corner with various signs and signs, indicating the presence of a"
126583,COCO_val2014_000000126583.jpg,2,2,2,0,0,1,1,1,0,1,,,bench,sports ball,"The image features a man standing on a tennis court, holding a tennis racket in his hand. He appears to be preparing to play a game of tennis or taking a break from the game. The man is wearing a white shirt and a cap, which adds to the casual and sporty atmosphere of the scene.

The tennis court is surrounded by a fence, and there is a bench located near the court, possibly for players to rest or spectators to sit and watch the game. The man's focus on the tennis court suggests that he is fully engaged in the sport and ready to play.","The image features a man standing on a tennis court, holding a tennis racket and a tennis ball in his hands. He appears to be preparing to play a game of tennis or taking a break from the game. The tennis racket is positioned in his hand, and the tennis ball is held in his other hand.

The tennis court is surrounded by a fence, and the tennis court itself is surrounded by a chain-link fence. The tennis court appears to be a well-maintained tennis court, suitable for playing tennis."
127496,COCO_val2014_000000127496.jpg,2,2,2,0,0,1,0,1,0,0,,,bottle,,"The image depicts a bathroom under construction, featuring a white bathtub and a toilet. The bathtub is located towards the right side of the room, while the toilet is situated on the left side. The bathroom appears to be in the process of being remodeled, as there are blue tape markings on the floor, indicating that the area is not yet finished.

In addition to the main fixtures, there are a few other items in the bathroom. A sink can be seen in the middle of the room, and a bottle is placed on the left","The image depicts a bathroom in the process of being remodeled. The bathroom features a bathtub, a toilet, and a sink. The bathtub is located in the corner of the bathroom, while the toilet is positioned towards the center of the bathroom. The sink is located near the sink, close to the toilet.

The bathroom is currently under construction, as evidenced by the presence of blue tape on the floor. The blue tape is likely used to mark off areas that need to be remodeled or repaired."
128058,COCO_val2014_000000128058.jpg,2,2,2,0,0,1,1,0,1,0,,,,,"The image captures a tennis player in action, swinging a tennis racket to hit a tennis ball. The player is in the middle of the swing, with the racket held high above his head. The tennis ball is visible in the air, close to the player's racket.

The scene takes place on a tennis court, with a backdrop of a fence. The tennis player is the main focus of the image, showcasing his athleticism and skill in the sport.","The image captures a tennis player in action on a tennis court, swinging a tennis racket to hit a tennis ball. The player is in the middle of a serve, with the tennis ball positioned above the racket. The tennis player is wearing a white shirt and appears to be a professional tennis player.

The tennis player is holding the tennis racket with both hands, and the tennis racket is positioned above the tennis ball, ready to make contact with the ball. The tennis player's focus and determination are evident as they prepare to serve the ball."
130645,COCO_val2014_000000130645.jpg,2,2,1,1,1,1,1,1,0,1,person,bus,motorcycle,truck,"The image depicts a busy street scene with a large white and brown bus driving down the road, surrounded by various vehicles. There are two cars in the scene, one behind the bus and another further down the road. Additionally, there are two motorcycles, one on the left side of the bus and another on the right side.

There are several people visible in the scene, with one person standing near the bus, another person closer to the right side of the image, and two more people further down the road. The presence of multiple vehicles and pedestrians indicates a bustling urban environment.","The image depicts a busy street scene with a large bus driving down the road, surrounded by various vehicles. The bus is positioned in the middle of the scene, and it appears to be a public transit bus. There are several cars and a truck on the street, with some cars following the bus and others driving alongside it.

In addition to the bus, there are two other buses visible in the scene, one located near the left edge of the image and another further back on the right side. The street is bustling with activity, and the vehicles are navigating the busy street together."
130839,COCO_val2014_000000130839.jpg,4,4,4,0,0,0,0,0,0,0,,,,,"The image features a man wearing a suit and tie, standing on a sidewalk with a black suitcase in his hand. He appears to be smiling and is likely preparing for a trip. Another person is visible in the background, standing further away from the man with the suitcase.

There are two handbags in the scene, one near the man with the suitcase and the other closer to the person in the background. The handbags are placed on the ground, possibly belonging to the people in the scene.","The image features a man wearing a suit and tie, standing on a sidewalk with a suitcase in his hand. He is smiling and appears to be in a good mood. The man is also holding a suitcase in his hand, which is likely his luggage.

There are two other people in the scene, one standing behind the man and another person standing further back. Additionally, there are two handbags in the scene, one near the man and another one closer to the person standing behind him."
132067,COCO_val2014_000000132067.jpg,6,5,5,1,0,2,4,0,2,2,book,,,keyboard; mouse,"The image features a person lying in bed, with their feet sticking out from under the covers. The bed is positioned in front of a computer desk, which has a TV monitor on it. The TV is turned on, displaying a blue screen. 

The room also contains a chair located near the bed, and a book can be seen placed on the bed, possibly for the person to read while relaxing. There are also two remotes placed on the bed, possibly for controlling the TV or other electronic devices.","The image features a person lying in bed, with their feet sticking out from under the covers. The person is positioned near a computer desk, which has a computer monitor and a keyboard on it. The person appears to be using the computer while lying in bed.

The room features a bed with a colorful comforter, and a chair is placed near the bed. There is a TV on the desk, and a TV remote can be seen nearby. A computer mouse is also present on the desk. The room appears to be a cozy and comfortable space for the person to relax and use their computer"
13220,COCO_val2014_000000013220.jpg,5,3,3,2,0,0,0,0,0,0,bowl; cup,,,,"The image depicts a family gathered around a dining table, enjoying a meal together. There are four people seated at the table, with two women and two children. The table is set with various items, including wine glasses, cups, and bowls. 

There are three wine glasses placed on the table, with one near the center, another on the left side, and the third one on the right side. Two cups can be seen, one near the center and the other on the left side of the table. Additionally, there are three bowls, with one near the center","The image depicts a family gathered around a dining table, enjoying a meal together. There are four people seated at the table, with a woman sitting next to a woman and two children. The family appears to be enjoying a meal together, possibly a family dinner.

The dining table is set with various items, including a wine glass, a wine glass, a wine glass, a wine glass, a wine glass, a wine glass, a wine glass, a wine glass, a wine glass, a wine glass, a wine glass, a wine glass, a wine glass, a wine glass"
13333,COCO_val2014_000000013333.jpg,1,1,1,0,0,0,0,0,0,0,,,,,"The image features a stop sign prominently displayed in a grassy field, with a mountain in the background. The stop sign is positioned in the foreground, and the mountain can be seen in the distance, creating a picturesque scene. The field appears to be a lush green, providing a serene and natural setting for the stop sign.","The image features a stop sign prominently displayed in a grassy field, with a mountain in the background. The stop sign is positioned in the foreground, and the mountain can be seen in the distance, creating a picturesque scene. The stop sign is placed on a pole, and the stop sign itself is red and white. The grassy field provides a natural and serene setting for the stop sign, making it an interesting and visually appealing scene."
134133,COCO_val2014_000000134133.jpg,3,2,2,1,0,4,4,2,2,2,cake,,bottle; sandwich,book; handbag,"The image features a group of people sitting on a rocky surface, enjoying a picnic. There are several people in the scene, with some sitting closer to the front and others further back. They are surrounded by various food items and personal belongings.

On the ground, there are multiple bowls containing different types of food, such as cake and cheese. A few sandwiches can also be seen, along with a couple of apples. A backpack is placed nearby, possibly belonging to one of the people in the group.

In addition to the food, there are a few bottles scattered","The image features a group of people sitting on a rocky surface, enjoying a picnic together. They have brought various food items and snacks, including a bowl of cheese, a bowl of chocolate, and a bowl of chocolate chips. There are also several apples scattered around the area, adding to the variety of food items.

In addition to the food, there are several backpacks and a handbag placed around the area, indicating that the group has brought their belongings with them for the picnic. A book is also present, suggesting that someone might be reading"
135604,COCO_val2014_000000135604.jpg,2,2,2,0,0,0,0,0,0,0,,,,,"The image features a soccer field with a man in a white and blue uniform standing in the center, preparing to kick a soccer ball. He is the main focus of the scene, with the soccer ball positioned close to him. 

There are several other people in the background, possibly teammates or opponents, but they are not the main subject of the image. The field appears to be well-maintained and ready for a game.","The image features a soccer field with a young man in a white and blue uniform standing on the field, preparing to kick a soccer ball. He is positioned near the center of the field, with the soccer ball located in front of him. The soccer ball is located closer to the center of the field, and the man is standing on the right side of the field.

There are several other people in the background, possibly teammates or opponents, but they are not the main focus of the image. The main focus is on the young man in the white and blue uniform, who is the"
137576,COCO_val2014_000000137576.jpg,1,1,1,0,0,0,0,0,0,0,,,,,"The image features a barn with a group of cows inside, eating hay from a trough. There are at least nine cows visible in the scene, with some standing closer to the foreground and others further back. The cows are of various sizes and are enjoying their meal.

In the background, a red tractor is parked near the barn, likely used for transportation or farm work. The tractor is positioned on the right side of the image, with its front end visible. The scene captures a peaceful moment of the cows eating hay in their pen.","The image features a barn with a group of cows inside a pen. The cows are eating hay, and there are several cows in the pen, some of which are eating hay from the ground. The cows are of various sizes and are scattered throughout the pen.

In the background, there is a tractor parked outside the barn, likely used for transporting hay or other farm equipment. The tractor is positioned on the right side of the image, and its presence suggests that the farm is well-equipped for farm work."
137578,COCO_val2014_000000137578.jpg,1,1,1,0,0,1,0,1,0,0,,,sink,,"The image features a bathroom with two toilets placed side by side, both of which are white and made of ceramic. The toilets are positioned close to each other, with one located on the left side and the other on the right side of the room. 

In addition to the toilets, there is a sink situated in the middle of the bathroom, slightly to the left of the center. The sink is accompanied by a mirror above it, which reflects the bathroom's interior. The bathroom appears to be clean and well-maintained, with a tiled","The image features a bathroom with two toilets placed side by side in a public restroom. Both toilets are white and have their lids up, revealing their empty interiors. The toilets are positioned close to each other, with one toilet slightly to the left of the other.

The bathroom also features a handrail, which is installed above the toilets, providing support and accessibility for users. The bathroom appears to be clean and well-maintained, providing a comfortable environment for users."
137830,COCO_val2014_000000137830.jpg,3,3,2,1,1,4,2,4,0,2,bottle,oven,bowl; hot dog; pizza; spoon,microwave; refrigerator,"The image depicts a person cooking food on a grill in a kitchen. The person is standing near the grill, which is located on the countertop. The grill is filled with food, including several hot dogs and a pizza. 

The kitchen is well-equipped with various utensils and items. There are multiple knives placed around the kitchen, with one near the person and others on the countertop. A spoon can also be seen on the countertop. Additionally, there are two bottles, one near the person and the other further away. A bowl is placed on","The image depicts a person cooking food on a grill in a kitchen. The person is standing near the grill, attending to the food being cooked. The grill is located in the middle of the kitchen, and the person is positioned on the right side of the grill.

The kitchen is well-equipped with various kitchen appliances, including a refrigerator on the left side of the kitchen, an oven on the right side, and a microwave above the oven. There are also multiple knives placed around the kitchen, with one knife located near"
139530,COCO_val2014_000000139530.jpg,3,2,2,1,0,2,0,2,0,0,backpack,,handbag; tie,,"The image depicts a group of people standing around a large pile of luggage in an airport. There are at least six people in the scene, with some standing closer to the luggage and others further away. The luggage consists of various suitcases and backpacks, with some placed on the floor and others stacked on top of each other.

In addition to the luggage, there are two handbags visible in the scene, one near the center and the other towards the right side. A tie can also be seen hanging from one of the suitcases. The people","The image depicts a group of people standing around a large pile of luggage in a room. There are at least five people in the scene, with some of them possibly waiting for their luggage to be loaded onto a conveyor belt. The luggage pile consists of various suitcases and suitcases, with some suitcases placed on top of each other and others scattered around the room.

The people in the scene are standing at different positions around the luggage pile, with some standing closer to the luggage pile and others standing further away. The people appear to be"
140231,COCO_val2014_000000140231.jpg,5,4,4,1,0,1,0,1,0,0,keyboard,,person,,"The image features a table with a variety of electronic devices on display. There are two cell phones, one on the left side and the other on the right side of the table. A remote control is placed in the middle of the table, and a keyboard is situated towards the right side. 

In addition to the electronic devices, there are two books on the table, one near the center and the other towards the right side. A person can be seen in the background, possibly observing the display or attending to the items.","The image features a table with a variety of electronic devices on display. There are two cell phones, one on the left side and the other on the right side of the table. A remote control is placed on the right side of the table, while a remote control remote is located on the right side of the table. 

In addition to the electronic devices, there are two books on the table, one on the left side and the other on the right side. A remote control remote is also present on the right side of the table. The table appears to be a display case, showcasing the electronic devices and books"
14029,COCO_val2014_000000014029.jpg,2,2,2,0,0,0,0,0,0,0,,,,,"The image features a man lying on the sandy beach, with a surfboard placed next to him. He appears to be taking a break from surfing or simply enjoying the beach atmosphere. The surfboard is positioned horizontally, extending from the left side of the man to the right. The man is wearing a wetsuit, which is visible as he lays on the sand.","The image features a man lying on the sandy beach, resting on his surfboard. He is wearing a wetsuit, which suggests that he is a surfer. The surfboard is placed horizontally on the sand, with the surfer lying on top of it. The man appears to be taking a break or resting after a surfing session."
141508,COCO_val2014_000000141508.jpg,1,1,1,0,0,0,0,0,0,0,,,,,"The image features a wooden floor with a blue suitcase and a pair of shoes placed on it. The suitcase is positioned towards the right side of the floor, while the shoes are located on the left side. The shoes are placed next to the suitcase, creating a sense of organization and order in the scene.","The image features a wooden floor with a blue suitcase and a pair of shoes placed on it. The suitcase is positioned towards the center of the floor, while the shoes are placed next to it. The shoes are located on the left side of the suitcase, with one shoe closer to the suitcase and the other shoe slightly further away. The suitcase appears to be a large suitcase, possibly a suitcase for traveling."
14321,COCO_val2014_000000014321.jpg,2,2,2,0,0,0,0,0,0,0,,,,,"The image features a large gathering of motorcycles parked on a cobblestone street. There are numerous motorcycles of various sizes and styles, with some positioned closer to the foreground and others further back. 

A crowd of people can be seen standing around the motorcycles, admiring and socializing. Some individuals are standing closer to the motorcycles, while others are scattered throughout the scene. The atmosphere appears to be lively and engaging, with people enjoying the display of motorcycles.","The image features a large gathering of motorcycles parked on a cobblestone street. There are numerous motorcycles of various sizes and styles, with some parked closer to the foreground and others further back. The motorcycles are arranged in a row, creating an impressive display.

A crowd of people is gathered around the motorcycles, admiring the motor"
144938,COCO_val2014_000000144938.jpg,3,4,3,0,1,1,0,1,0,0,,sports ball,bench,,"The image captures a baseball game in progress, with a pitcher in the middle of throwing a pitch. The pitcher is wearing a baseball glove and is surrounded by a crowd of people, including teammates and opponents. The spectators are seated on chairs and benches, watching the game intently.

There are several people in the scene, with some standing closer to the pitcher and others further away. A few chairs can be seen scattered around the area, providing seating for the spectators. The atmosphere is lively, with everyone focused on the game and the pitcher'","The image captures a baseball game in progress, with a pitcher in the middle of throwing a pitch. The pitcher is wearing a baseball glove and is in the process of throwing the ball. The pitcher is surrounded by a crowd of people, including teammates and opponents, who are watching the game intently.

There are numerous people in the scene, with some standing closer to the pitcher and others further away. Some of the spectators are seated on chairs, while others are standing. The atmosphere is lively, and the crowd is engaged in the game, creating an exciting"
146503,COCO_val2014_000000146503.jpg,2,2,1,1,1,1,2,0,1,1,cake,orange,,apple,"The image is a collage of various food items, showcasing a diverse assortment of dishes. There are numerous pictures of different types of food, including meat, vegetables, and desserts. The collage is organized into multiple rows, with each row featuring a different food item.

In the top row, there are several pictures of meat, such as chicken and fish, as well as a few pictures of vegetables like broccoli and carrots. The middle row features a variety of desserts, including cakes and pies. The bottom row displays a selection of pastries","The image is a collage of various food items, showcasing a diverse assortment of food items. The collage consists of twelve different images, each featuring a different food item. The food items include a variety of fruits, vegetables, and other food items, such as meat and fish.

There are several images of fruits, such as apples and oranges, as well as a variety of vegetables, including carrots, broccoli, and asparagus. Some images also feature meat and fish, such as chicken and fish. The collage is a visually appe"
147729,COCO_val2014_000000147729.jpg,2,2,2,0,0,1,0,1,0,0,,,chair,,"The image features a man sitting in a crowd, holding a cell phone in his hand. He appears to be looking at the screen of the phone, possibly checking messages or browsing the internet. The man is surrounded by other people, some of whom are also holding cell phones.

There are several chairs in the scene, with some of them occupied by the people in the crowd. The chairs are scattered throughout the area, with some closer to the foreground and others further back. The overall atmosphere suggests a social gathering or event where people are engaged in various activities, including using their cell phones.","The image features a man sitting in a crowd, looking at his cell phone. He is wearing glasses and appears to be focused on his phone. The man is surrounded by other people, some of whom are also looking at their cell phones.

In the image, there are several other people in the scene, with some sitting close to the man and others further away. The crowd appears to be engaged in various activities, such as looking at their phones or engaging in conversations."
148910,COCO_val2014_000000148910.jpg,2,1,1,1,0,1,0,1,0,0,truck,,car,,"The image depicts a train yard with multiple train tracks converging in the middle. There are several trains visible on the tracks, with one train positioned closer to the left side of the scene, another in the middle, and a third train on the right side. The train yard appears to be a busy area with various trains passing through or waiting for their next journey.

In addition to the trains, there are a few cars and trucks scattered throughout the scene, likely belonging to the train yard staff or transporting goods. The presence of these vehicles adds to the bustling atmosphere of the train yard.","The image depicts a train yard with multiple train tracks converging at a junction. The train yard is located near a city, as evidenced by the presence of buildings in the background. The train yard is filled with various train tracks, some of which are empty, while others have trains passing through.

There are several trains visible in the image, with one train located near the center of the image, another train closer to the left side, and a third train on the right side of the image. The trains are positioned at different angles and angles, creating a dynamic scene of trains moving through the train yard"
149284,COCO_val2014_000000149284.jpg,2,2,2,0,0,3,2,1,2,0,,,bowl,,"The image features a delicious loaf of bread, likely a banana bread, sitting on a wooden cutting board. The bread is cut into a few slices, making it easy to serve and enjoy. The cutting board is placed on a dining table, which occupies the majority of the scene.

In the background, there are a few items, including a knife and a cell phone. The knife is located on the left side of the table, while the cell phone is placed on the right side. Additionally, there is a bowl situated near the top left corner of the table.","The image features a loaf of bread, likely a banana bread, sitting on a wooden cutting board. The loaf is cut in half, revealing the delicious banana bread inside. The bread is placed on a wooden table, and the cutting board is placed on a wooden table as well.

In the background, there is a knife, possibly used for cutting the bread, and a cell phone can be seen on the table. The scene appears to be set in a kitchen or dining area, with the wooden table and wooden tabletops adding to the cozy atmosphere."
153445,COCO_val2014_000000153445.jpg,3,3,2,1,1,2,1,2,0,1,bottle,vase,book; remote,potted plant,"The image depicts a cozy living room with a large brown leather couch and a television set placed on a wooden stand. The television is turned on, displaying a 3D movie. The room also features a wooden bookshelf filled with various books, adding to the warm and inviting atmosphere.

In addition to the main furniture, there are a couple of bottles placed on the bookshelf, and a remote control can be seen resting on the couch. The living room is well-decorated, creating a comfortable and relaxing environment for watching movies or enjoying a good book","The image depicts a cozy living room with a comfortable couch and a leather couch placed in the room. The living room is furnished with a couch, a couch, and a couch, creating a cozy and inviting atmosphere. A television is mounted on the wall, and a television is mounted on the wall, providing entertainment for the occupants.

The living room is decorated with various items, including a potted plant, a vase, and a vase. A potted plant is placed near the couch, adding a touch of greenery to the room."
153976,COCO_val2014_000000153976.jpg,3,3,3,0,0,0,0,0,0,0,,,,,"The image captures a group of young men performing skateboard tricks in a parking lot. There are five skateboarders in total, with one of them riding a skateboard on top of a car. The other four skateboarders are scattered around the parking lot, with some of them jumping in the air while others are in motion.

There are two cars in the parking lot, one on the left side and another on the right side. A few skateboards can be seen lying on the ground, with one near the center of the parking lot and another closer to","The image captures a group of skateboarders performing tricks on their skateboards in a parking lot. There are five skateboarders in total, with some of them riding their skateboards and others performing tricks. The skateboarders are spread out across the parking lot, with some skateboarders closer to the foreground and others further in the background.

There are several cars parked in the parking lot, with one car located near the left side of the parking lot, another car on the right side, and two cars parked closer to the center of"
154213,COCO_val2014_000000154213.jpg,2,2,2,0,0,0,0,0,0,0,,,,,"The image features a pie pan with a pie in the process of being cut. The pie is placed on a wooden table, and a pair of scissors is positioned next to it, ready to be used for cutting. The pie pan is filled with a delicious-looking pie, and the scissors are placed on the table, waiting to be used to cut the pie into slices.","The image features a pie pan with a pie crust in a pie pan pan, placed on a wooden table. The pie pan is filled with a pie crust, and a pie pan pan is placed on top of the pie pan. A pie pan pan is also placed on top of the pie pan pan, creating a layered effect.

A pair of scissors is placed next to the pie pan pan, likely used for cutting the pie crust or pie crust pan. The pie pan pan is positioned on the table, and the pie pan pan is placed on top of it, creating a visually interesting"
155732,COCO_val2014_000000155732.jpg,5,3,3,2,0,2,0,2,0,0,fork; wine glass,,cake; knife,,"The image features a dining table with a bowl filled with a delicious dessert, possibly a creme brulee or a cake. The dessert is topped with a generous amount of cinnamon, adding a warm and inviting touch to the presentation. 

There are several utensils on the table, including a spoon and a fork, placed near the bowl. A knife can also be seen on the table, likely used for cutting the dessert. The table setting is complemented by a wine glass, adding to the overall ambiance of the dining experience.","The image features a dining table with a bowl filled with a delicious dessert, possibly a creme brulee or a creme brulee-like dessert. The dessert is topped with cinnamon, adding a delightful touch to the dessert. A spoon is placed inside the bowl, ready to be used for enjoying the dessert.

The table setting includes a dining table, a dining table with a checkered tablecloth, and a dining table with a checkered tablecloth and a checkered tablecloth. The table setting also"
156195,COCO_val2014_000000156195.jpg,1,1,1,0,0,1,0,1,0,0,,,person,,"The image features a large, lush green field where a group of sheep are grazing. There are at least 13 sheep scattered throughout the field, with some standing closer to the foreground and others further in the background. The sheep are of various sizes, indicating a mix of adults and younger sheep. The scene captures the peaceful and natural environment of the pasture, where the sheep can graze and roam freely.","The image features a large, lush green field with a herd of sheep grazing on the grass. There are at least 13 sheep visible in the field, with some of them grazing closer to the foreground and others grazing further away. The sheep are scattered throughout the field, with some grazing closer to the camera and others grazing further away. The sheep are of various sizes, indicating a mix of adult sheep and younger sheep. The scene captures a peaceful and serene moment of the sheep grazing in the field."
156372,COCO_val2014_000000156372.jpg,3,3,3,0,0,0,0,0,0,0,,,,,"The image features a boat with a yellow chair and a backpack placed on it. The chair is positioned in the middle of the boat, while the backpack is located near the chair. The boat appears to be floating on a body of water, possibly a lake or a river.

In the background, there are several buildings visible, suggesting that the boat is near a shoreline or a populated area. The scene gives off a sense of leisure and relaxation, as the boat is likely being used for recreational purposes or as a means of transportation.","The image features a boat with a chair and a chair back on it, both of which are yellow. The chair is placed on the boat, while the chair back is placed on the chair. There are also two chairs on the boat, one of which is the chair back. 

In addition to the chairs, there are two backpacks on the boat. One backpack is placed on the boat, while the other is placed on the chair back. The boat is situated on a body of water, possibly a lake or a lake-like body of water."
157955,COCO_val2014_000000157955.jpg,4,2,2,2,0,1,0,1,0,0,person; traffic light,,truck,,"The image features a small model train set up on a track, traveling through a town with a train station. The train is positioned in the middle of the scene, surrounded by various buildings and vehicles. 

There are several cars and a truck visible in the scene, with some cars parked near the train station and others scattered throughout the town. A traffic light can be seen near the right side of the image, indicating the presence of an intersection. 

Additionally, there are two people in the scene, one near the left side and another closer to the center, possibly observing the train or the","The image features a small model train set up in a model town, complete with a train, train tracks, and a train station. The train is traveling down the tracks, passing by a train station and a train station platform. The train station features a train station platform, a train station platform, and a train station platform.

In addition to the train, there are several cars and cars in the model town, including cars on the train station platform and cars on the train station platform. The model town also features a train station platform, a train station platform, and a train station platform.

The model town is"
158952,COCO_val2014_000000158952.jpg,1,1,1,0,0,0,0,0,0,0,,,,,"The image features a stop sign on a pole, located at the corner of Morgan Road. The stop sign is positioned in the middle of the scene, with a green street sign above it. The street sign reads ""Morgan Rd."" The stop sign is surrounded by trees, giving the scene a natural and serene atmosphere.","The image features a stop sign with a green street sign above it, both located on a pole. The stop sign is red and white, while the green street sign is attached to the same pole. The street sign reads ""Morgan Rd."" The stop sign is positioned on the side of the road, and the street sign is placed above it. The scene is set in a lush green forest, giving the impression of a peaceful and serene environment."
158999,COCO_val2014_000000158999.jpg,1,1,1,0,0,0,0,0,0,0,,,,,"The image depicts a large herd of cows grazing in a vast, open field. There are at least 14 cows scattered throughout the field, with some closer to the foreground and others further in the background. The cows are peacefully grazing on the grass, creating a serene and picturesque scene. The field is vast and spans the entire image, providing ample space for the cows to roam and graze.","The image depicts a large herd of cows grazing in a vast, open field. The cows are scattered throughout the field, with some cows closer to the foreground and others further in the background. The cows are grazing on the grass, enjoying the vast expanse of the field. The cows are dispersed across the field, with some cows closer to the foreground and others further in the background. The scene captures the peaceful and serene atmosphere of the cows grazing in the open field."
160834,COCO_val2014_000000160834.jpg,1,1,1,0,0,1,0,1,0,0,,,person,,"The image features a small white boat speeding across a large body of water, likely a lake. The boat is positioned in the middle of the scene, with a person on board, possibly enjoying the ride. The water appears to be calm, making it an ideal setting for boating.

In the background, there are trees and mountains, adding to the picturesque scenery. The presence of the mountains and the calm water create a serene and peaceful atmosphere.","The image features a small boat speeding across a large body of water, likely a lake or a river. The boat is moving swiftly, creating a sense of motion in the image. The boat is positioned in the middle of the scene, with the boat's speed and direction creating a sense of motion.

The surrounding area features a beautiful landscape, with a lush green hillside and a lush green hillside in the background. The hillside is lined with trees, adding to the natural beauty of the scene. The combination of the boat's motion, the boat's speed, and the l"
162067,COCO_val2014_000000162067.jpg,3,2,2,1,0,2,1,1,1,0,car,,traffic light,,"The image captures a skateboarder performing a trick in the air, jumping over a bench in a city setting. The skateboarder is in the middle of the scene, with the skateboard clearly visible beneath him. 

There are several people around the skateboarder, including a group of pedestrians walking nearby and a few others standing or walking in the background. A few cars are parked or driving in the area, with one car on the left side of the scene and another on the right side. Additionally, there is a traffic light visible in the background, indicating that","The image captures a skateboarder performing a trick in the air, jumping over a bench in a city setting. The skateboarder is in the middle of the scene, with the skateboard clearly visible beneath him. 

There are several people in the scene, including a man on a skateboard, a man on a skateboard performing a trick, and a man on a skateboard watching the skateboarder perform the trick. In addition to the skateboarders, there are other people in the scene, some of whom are walking or standing around.

The"
163041,COCO_val2014_000000163041.jpg,1,1,1,0,0,0,0,0,0,0,,,,,"The image features a large elephant walking through a lush green forest. The elephant is surrounded by trees and bushes, with its trunk raised, possibly reaching for a branch or a leaf. The elephant appears to be enjoying its time in the forest, surrounded by the natural environment.","The image features a large elephant walking through a forest, surrounded by trees and greenery. The elephant is the main focus of the image, with its massive size and presence in the scene. The elephant is also holding a branch in its trunk, possibly using it as a tool or to interact with its surroundings.

The elephant is surrounded by a lush forest, with trees and greenery surrounding it. The forest appears to be a lush and thriving environment, providing a natural habitat for the elephant."
163155,COCO_val2014_000000163155.jpg,1,1,1,0,0,1,1,0,1,0,,,,,"The image features a brown and white cat sitting on a stone floor, possibly in front of a brick wall. The cat appears to be looking at something, possibly a person or another animal, as it is focused on the direction it is facing. The cat's posture suggests that it is either sitting or crouching down. The scene captures the cat's curiosity and alertness as it observes its surroundings.","The image features a brown and white cat sitting on a stone floor, possibly a sidewalk or a patio. The cat appears to be looking at something, possibly a person or another animal, as it is attentively looking in the direction of the camera. The cat is positioned near a brick wall, which adds to the outdoor setting of the scene."
165141,COCO_val2014_000000165141.jpg,1,1,1,0,0,0,0,0,0,0,,,,,"The image features a large brown bear sitting on a rocky ledge, possibly a cliff or a rock wall. The bear appears to be relaxed and enjoying the view. It is positioned in the center of the scene, with its front paws resting on the rocky surface.

The bear's fur is wet, which might suggest that it has been in the water or has recently emerged from it. The bear's size and presence in the image create a sense of power and strength, showcasing the majestic nature of this wild animal.","The image features a large brown bear sitting on a rocky surface, possibly a rock or a stone wall. The bear appears to be relaxed and comfortable in its environment. The bear's paws are resting on the rock, and it appears to be looking at the camera. The bear's size and presence create a sense of power and strength in the image."
166060,COCO_val2014_000000166060.jpg,4,3,3,1,0,1,0,1,0,0,handbag,,chair,,"The image features a woman feeding a giraffe at a petting zoo. She is holding a carrot in her hand, which the giraffe is eagerly reaching for. The giraffe is positioned towards the right side of the image, with its long neck stretched out to take the carrot.

There are several other people in the scene, some of them standing close to the woman and the giraffe, while others are scattered around the petting zoo. A handbag can be seen placed on the ground near the woman, and a chair is located in the background.","The image features a woman feeding a giraffe at a petting zoo. The woman is holding a carrot, which she is offering to the giraffe. The giraffe is extending its long neck to reach the carrot, eagerly anticipating the treat.

There are several other people in the scene, some of them standing near the woman and the giraffe, while others are scattered around the petting zoo. The petting zoo appears to be a popular attraction, as there are several people present, enjoying the experience of interacting with the giraffe."
174284,COCO_val2014_000000174284.jpg,1,1,1,0,0,2,1,1,1,0,,,truck,,"The image features a large Virgin Atlantic airplane parked on the runway at an airport. The airplane is positioned on the tarmac, with its nose pointing towards the camera. The airplane is surrounded by a few trucks, which are likely providing support services or preparing the aircraft for its next flight.

In addition to the airplane and trucks, there are two people visible in the scene, likely airport staff or passengers. One person is located near the middle of the image, while the other is closer to the right side. The presence of these individuals suggests that the airport","The image features a large Virgin Atlantic airplane parked on the runway at an airport. The airplane is a Virgin Atlantic airliner, and it is positioned on the runway, likely preparing for takeoff or having just landed. The airplane is a large passenger jet, and it is the main focus of the image.

In addition to the airplane, there are several people visible in the image. Some of them are standing near the airplane, possibly airport staff or passengers, while others are scattered around the airport. The presence of people suggests that the airport is active and"
176193,COCO_val2014_000000176193.jpg,1,1,1,0,0,0,0,0,0,0,,,,,"The image features a red and white street sign with a man depicted on it, seemingly running or walking across a barrier. The sign is attached to a pole, and it is located near a building. The man on the sign appears to be in motion, possibly trying to cross a street or a barrier. The scene captures the attention of passersby and adds a unique touch to the urban environment.","The image features a street sign with a red and white sign on it, featuring a man walking across a barrier. The sign is located on a building, possibly a building with a balcony. The man on the sign is depicted in a humorous manner, as if he is walking on a barrier or a barrier that is walking. The sign is placed on a pole, making it easily visible for passersby."
176778,COCO_val2014_000000176778.jpg,2,2,2,0,0,1,0,1,0,0,,,sink,,"The image features a bathroom with a white toilet and a white bathtub. A cat is standing in the bathroom, looking at the toilet. The cat appears to be curious about the toilet, possibly attracted by the water or the unusual environment. The bathroom appears to be well-maintained and clean, with a tile floor and a sink visible in the background.","The image features a bathroom with a white toilet and a white bathtub. A cat is standing in the bathroom, looking at the toilet. The cat appears to be curious about the toilet, possibly intrigued by the water or the unusual environment. The bathroom appears to be well-maintained and clean, with a tiled floor and a tiled wall."
177375,COCO_val2014_000000177375.jpg,3,3,3,0,0,1,2,0,1,1,,,,cake,"The image features a woman sitting at a dining table with three children, all of them engaged in a creative activity. The woman is drawing a picture on a piece of paper, while the children watch and learn from her. The children are seated around the table, with one on the left side, another on the right side, and the third one on the far end.

There are several chairs in the scene, with one near the woman, another on the right side of the table, and a third one on the far end. A cup can be seen placed on the table, possibly containing a drink for the","The image features a woman sitting at a dining table with two young girls, possibly her children, who are watching her as she draws on a piece of paper. The woman is using a pencil to draw, while the children are observing her closely.

The dining table is surrounded by chairs, with one chair on the left side of the table and another on the right side. The table is surrounded by various items, including a cup, a cupcake, a cupcake wrapper, and a cupcake wrapper wrapper. There is also a cupcake wrapper wrapper on the table, and"
177407,COCO_val2014_000000177407.jpg,2,2,2,0,0,0,0,0,0,0,,,,,"The image features a man standing on a surfboard in the ocean, skillfully balancing himself with a paddle. He is wearing a black shirt and appears to be enjoying his time on the water. The surfboard is positioned in the middle of the scene, with the man standing on it and holding the paddle in his hand. The ocean water is calm, providing a serene environment for the man's paddleboarding adventure.","The image features a man standing on a surfboard in the ocean, skillfully balancing on the surfboard while holding a paddle. He appears to be enjoying his time on the water, possibly engaging in a water sport or simply enjoying the ocean view. The man is wearing a black shirt and appears to be focused on his activity."
179500,COCO_val2014_000000179500.jpg,2,2,2,0,0,2,1,1,1,0,,,chair,,"The image features a man playing tennis on a court, holding a tennis racket and preparing to hit the ball. He is in the middle of a swing, with the tennis racket positioned in front of him. The man appears to be focused and determined as he plays the game.

In the background, there is a chair located near the right side of the court, possibly for players to rest or for spectators to sit and watch the game.","The image features a man playing tennis on a tennis court. He is holding a tennis racket and appears to be in the middle of a swing, preparing to hit the tennis ball. The tennis ball is visible in the air, close to the tennis racket.

The man is wearing a white shirt and appears to be focused on the game. The tennis court is surrounded by a fence, and the tennis racket is positioned in the man's hand, ready for the next swing."
180283,COCO_val2014_000000180283.jpg,2,2,2,0,0,1,1,0,1,0,,,,,"The image features a man wearing a suit and tie, standing on a sidewalk. He is smiling and appears to be adjusting his tie. The man is wearing a vest and a bow tie, giving him a formal and polished appearance.

In the background, there is a backpack placed on the ground, possibly belonging to the man or someone else nearby. The scene captures a moment of the man's day, showcasing his well-dressed attire and pleasant demeanor.","The image features a man wearing a suit and tie, standing on a sidewalk. He is smiling and adjusting his tie, possibly preparing for a formal event or a special occasion. The man is wearing a suit vest and a tie, which adds to the formality of his attire.

In the background, there is a backpack placed on the ground, possibly belonging to the man or someone else nearby. The man appears to be the main focus of the image, as he is the only person visible in the image."
18073,COCO_val2014_000000018073.jpg,2,2,2,0,0,0,0,0,0,0,,,,,"The image captures a person flying a large kite over the ocean, with the kite soaring high in the sky. The person is standing on the beach, enjoying the activity and the beautiful ocean view. The kite is positioned towards the left side of the image, while the person is located more towards the center. The scene is set against a backdrop of a cloudy sky, adding to the overall atmosphere of the beach setting.","The image captures a person flying a large kite over the ocean, with the kite soaring high in the sky. The person is standing on the beach, enjoying the activity and the beautiful ocean view. The kite is positioned above the person, creating a sense of excitement and adventure. The scene captures the essence of a fun and enjoyable day at the beach."
183204,COCO_val2014_000000183204.jpg,6,3,3,3,0,1,0,1,0,0,book; cell phone; cup,,handbag,,"The image features a bedroom floor covered with various items, including a laptop, a backpack, and a suitcase. The laptop is placed towards the center of the floor, while the backpack and suitcase are positioned closer to the left side. 

In addition to the main items, there are several other objects scattered across the floor, such as a handbag, a cell phone, a book, and a cup. The handbag is located near the center of the floor, while the cell phone is placed closer to the right side. The book is situated near the center, and the cup is located towards the","The image features a bedroom floor covered with various items, including a laptop, a backpack, and a suitcase. The laptop is placed on the floor, while the backpack and suitcase are placed on the floor as well. The backpack is positioned towards the center of the floor, and the suitcase is located towards the right side of the floor.

In addition to the laptop, laptop case, and backpack, there are several other items scattered across the floor. These items include a laptop case, a laptop, a laptop case, a laptop case, a laptop case, a laptop case, a laptop"
183332,COCO_val2014_000000183332.jpg,3,3,3,0,0,1,0,1,0,0,,,book,,"The image features two women standing in front of a laptop computer, both of them looking at the screen. One woman is positioned on the left side of the laptop, while the other is on the right side. They appear to be engaged in a conversation or working together on a task.

The laptop is placed on a desk, and there are several books scattered around the area. Some books are located near the laptop, while others are placed further away. The scene suggests a collaborative work environment or a study session.","The image features two women standing in front of a laptop computer, both of them looking at the screen. One woman is on the left side of the laptop, while the other woman is on the right side. They appear to be engaged in a conversation or discussing something on the laptop screen.

The laptop is placed on a table, and the women are standing close to it. The laptop screen is positioned at a comfortable viewing angle, allowing both women to see the screen clearly. The women appear to be engaged in a collaborative activity or engaged in a discussion related to the content displayed on the laptop screen."
183387,COCO_val2014_000000183387.jpg,3,3,3,0,0,0,0,0,0,0,,,,,"The image captures a lively scene of people enjoying water sports on a large body of water. There are several people kiteboarding, with one person prominently visible in the center of the scene, holding onto a kite and riding on a surfboard. Other people can be seen scattered across the water, either kiteboarding or participating in other water sports.

In total, there are at least nine people visible in the scene, with some closer to the foreground and others further away. The kites are flying high in the sky, adding to the excitement of the scene. The","The image captures a lively scene of people enjoying water sports on a large body of water. A woman is prominently featured, riding a surfboard and holding onto a kite, which is pulling her across the water. She is surrounded by several other people, some of whom are also kite surfing or kite surfing with kites.

In total, there are at least nine people visible in the image, with some of them closer to the shore and others further out in the water. The kites can be seen in various positions, with some kites being held by the"
183973,COCO_val2014_000000183973.jpg,4,3,3,1,0,0,0,0,0,0,baseball glove,,,,"The image captures a baseball game in progress, with a batter standing at home plate, holding a baseball bat and preparing to swing. The catcher and the umpire are positioned behind the batter, ready for the pitch. 

There are several other people in the scene, including teammates and opponents, some of whom are standing near the benches. A baseball glove can be seen on the ground, likely belonging to one of the players. The scene is set in a baseball field, with a bench visible in the background.","The image captures a baseball game in progress, with a batter standing at home plate, holding a baseball bat and preparing to swing. The batter is wearing a yellow shirt and is in the middle of swinging the bat. 

There are several other people in the scene, including a catcher and an umpire positioned behind the batter, as well as other players on the field. Some players are standing in the outfield, while others are scattered around the field. 

In addition to the players, there are a few benches visible in the scene, likely for players to rest or rest"
189103,COCO_val2014_000000189103.jpg,2,2,2,0,0,1,0,1,0,0,,,handbag,,"The image features a man sitting on a bench, resting his head on his hand. He is wearing a baseball cap and appears to be relaxed. The bench is located on a sidewalk, and the man is positioned close to a building.

There are a few other people in the scene, but they are not the main focus. Additionally, there is a handbag placed on the ground near the bench, possibly belonging to the man or someone else in the area.","The image features a man sitting on a bench, leaning against a stone wall. He is wearing a hat and appears to be relaxed, possibly taking a break or enjoying the surroundings. The bench is positioned close to the wall, providing a comfortable spot for the man to rest.

The scene also features a few other people in the background, but they are not the main focus of the image. The man on the bench appears to be the central figure in the image, capturing the viewer's attention."
189203,COCO_val2014_000000189203.jpg,1,1,1,0,0,0,0,0,0,0,,,,,"The image features a large white and blue airplane flying through the sky. The airplane is a twin-engine propeller plane, and it appears to be a commercial airliner. The plane is flying high in the sky, and its wings are spread out, showcasing its impressive size.

The airplane is positioned in the middle of the scene, with the sky serving as the backdrop. The image captures the airplane's flight, providing a clear view of its structure and design.","The image features a large airplane flying in the sky, captured in two different shots. The first shot captures the airplane flying in the sky, while the second shot captures the airplane flying in the sky from a different angle. The airplane is a large propeller plane, and it appears to be a commercial airplane. The airplane is flying high in the sky, and the sky appears to be clear and blue."
189376,COCO_val2014_000000189376.jpg,6,4,4,2,0,1,1,0,1,0,keyboard; mouse,,,,"The image depicts a group of people gathered in a room, with a man taking a picture of a woman sitting at a desk. The woman is sitting on a chair, and there are two other people in the room, one standing and another sitting. 

The room is furnished with a dining table, a TV, and several chairs. There are two laptops on the table, one closer to the left side and the other towards the right. A keyboard and a mouse can also be seen on the table. 

In addition to the electronic devices, there are a few other items in","The image depicts a group of people gathered in a room, with a man taking a picture of a woman sitting at a desk. The woman is sitting at the desk, and the man is standing behind her, capturing the moment. There are two other people in the room, one on the left side and another on the right side of the room.

The room is furnished with a desk, a desk chair, and a laptop placed on the desk. There are also two TVs in the room, one on the left side and another on the right side of the room. A laptop"
18975,COCO_val2014_000000018975.jpg,3,3,2,1,1,1,1,1,0,1,car,suitcase,person,bed,"The image features an airport scene with a large white airplane parked on the tarmac. The airplane is surrounded by several vehicles, including a bus and a truck, which are likely providing support services to the aircraft. 

In addition to the bus and truck, there are two cars parked near the airplane, possibly belonging to airport staff or passengers. The airport is situated near a tropical area, as evidenced by the palm trees visible in the background.","The image features an airport scene with a large airplane parked on the runway. The airplane is surrounded by several vehicles, including trucks and trucks with truck beds, which are likely used for various airport operations. Some of the trucks are parked near the airplane, while others are scattered around the runway.

In addition to the trucks, there are several truck beds visible in the scene, some of which are parked near the trucks. The truck beds are likely used for loading and unloading cargo or luggage."
189775,COCO_val2014_000000189775.jpg,4,3,3,1,0,0,0,0,0,0,chair,,,,"The image captures a tennis match in progress, with a man in a grey shirt and shorts standing on a blue tennis court, holding a tennis racket and preparing to serve the ball. He is the main focus of the scene, surrounded by several other people who are likely watching the match or waiting for their turn to play.

There are numerous chairs placed around the court, likely for the players and spectators to use during breaks. Some of these chairs are located near the edges of the court, while others are placed closer to the center. The scene is lively, with people engaged in the game","The image captures a tennis match in progress, with a tennis player standing on a blue tennis court, holding a tennis racket and preparing to serve the ball. The tennis player is the main focus of the image, and the tennis player is the only player visible in the image.

There are several people in the image, including the tennis player, a tennis player in the background, and a crowd of people watching the match. The crowd is dispersed around the court, with some spectators standing closer to the court and others further away. The crowd appears to be engaged and engaged in the match, creating an atmosphere of"
190156,COCO_val2014_000000190156.jpg,5,4,4,1,0,1,0,1,0,0,book,,mouse,,"The image features a black and white cat sitting on a desk in front of a laptop computer. The cat is drinking from a cup placed on the desk, seemingly enjoying its beverage. The laptop is positioned to the left of the cat, and a mouse can be seen on the right side of the desk.

In addition to the laptop and mouse, there are several books scattered around the desk, with some placed near the edge and others closer to the center. A cup is also visible on the left side of the desk, possibly belonging to the cat or someone else in the room.","The image features a black and white cat sitting on a desk, drinking from a cup placed on a coaster. The cat is positioned in front of a laptop, which is open and turned on. The laptop is placed on the desk, and the cat is comfortably sitting on the desk as well.

The desk is also equipped with a cup, a cup coaster, and a cup coaster coaster. The cup coaster coaster is placed on the desk, and the cup coaster is placed on the desk coaster. The desk is a part of a des"
190690,COCO_val2014_000000190690.jpg,4,3,3,1,0,0,0,0,0,0,orange,,,,"The image features a small orange cat lying on a bed, appearing to be sleeping or resting. The cat is positioned near a book, which is placed on the bed as well. The cat's body is partially covered by the book, creating a cozy and relaxed atmosphere. The bed has a colorful blanket, adding to the warm and inviting setting.","The image features a cat lying on a bed, with a book titled ""Joyce"" placed next to it. The cat appears to be looking at the book, possibly intrigued by the book's title or the book's content. The cat is positioned on the bed, occupying a significant portion of the bed's surface. The cat's position and the book's presence create a cozy and relaxed atmosphere in the scene."
191013,COCO_val2014_000000191013.jpg,4,2,2,2,0,0,0,0,0,0,person; truck,,,,"The image features a large clock mounted on the side of a building, which is prominently displayed in the foreground. The clock is positioned at the top of the building, making it a prominent landmark. 

In the background, there are several cars parked or driving by, with one car on the left side of the image, another in the middle, and a third car on the right side. Additionally, there are two trucks in the scene, one located near the center and the other on the right side.

A person can be seen standing near the left edge of the image, possibly","The image features a large clock mounted on the side of a building, which is a prominent feature of the scene. The clock is positioned on the side of the building, making it easily visible to passersby. The clock is quite large, covering a significant portion of the building's side.

In the image, there are several cars parked or driving by the building. A yellow taxi is parked in front of the building, while other cars are parked or driving nearby. The presence of cars suggests that the building is located in a busy area with traffic."
191577,COCO_val2014_000000191577.jpg,2,2,2,0,0,0,0,0,0,0,,,,,"The image features an older woman wearing a green shirt and glasses, holding a cell phone in her hands. She appears to be looking at the screen of the phone, possibly checking messages or browsing the internet. The woman is smiling, indicating that she is enjoying her time using the device.","The image features an older woman wearing a green shirt and glasses, holding a cell phone in her hands. She appears to be looking at the cell phone, possibly checking messages or using an app. The woman is smiling, indicating that she is enjoying her time using the phone.

The woman is standing in a room, and there is another person in the background, partially visible on the left side of the image. The woman's green shirt and glasses make her stand out in the scene."
192403,COCO_val2014_000000192403.jpg,3,3,3,0,0,2,1,1,1,0,,,remote,,"The image features a large bedroom with a spacious bed situated in the center of the room. The bed is adorned with white sheets and pillows, creating a clean and inviting atmosphere. The room also contains a television mounted on the wall, providing entertainment for the occupants.

In addition to the bed, there is a chair placed near the right side of the room, and a couch is located on the left side. A remote control can be seen on the bed, likely for the television. The room appears to be well-furnished and comfortable, making it an ideal space for relax","The image features a large bedroom with a spacious bedroom suite. The bedroom features a large bed with a white bedspread, positioned in the center of the room. The bed is situated in a bedroom suite that features a living room and a living room area.

In the living room area, there is a TV mounted on the wall, and a chair is placed nearby. The living room area also features a couch, providing a comfortable seating area for relaxation. The living room area is connected to the bedroom suite, creating a spacious and open living area."
192458,COCO_val2014_000000192458.jpg,4,3,3,1,0,2,1,1,1,0,oven,,sink,,"The image features a kitchen counter with a variety of food items and utensils. There are several bowls containing different types of food, including vegetables such as broccoli and tomatoes. A large pot is placed on the stove, filled with a delicious-looking soup. 

In addition to the bowls and pot, there are multiple bottles scattered across the counter, possibly containing condiments or ingredients. A spoon can be seen resting on the counter, ready for use. The kitchen is well-equipped with an oven and a sink, which are visible in the background.","The image features a kitchen counter with a variety of food items and ingredients. There are several bowls filled with different types of vegetables, including broccoli, tomatoes, and cucumbers, placed on the counter. A large pot is also present on the counter, likely being used for cooking or preparing a meal.

In addition to the vegetables, there are several bottles and cans scattered across the counter, likely containing various ingredients or condiments. A spoon can be seen resting on the counter, possibly used for stirring or serving the food. The kitchen"
19484,COCO_val2014_000000019484.jpg,2,2,2,0,0,3,2,2,1,1,,,bottle; spoon,cake,"The image features a kitchen with a white countertop and a white refrigerator. The refrigerator has a black door, and it appears to be old and dirty. On the countertop, there are several items, including a cup, a bowl, and a spoon. The cup is placed near the center of the countertop, while the bowl is located towards the left side. The spoon is situated closer to the right side of the countertop.

In addition to the kitchen items, there are two bottles on the countertop, one near the left edge and the other towards the right","The image features a kitchen with a white countertop and a white refrigerator. The refrigerator is covered in black paint, giving it a unique appearance. On the countertop, there are several items, including a cup, a bowl, and a cupcake. 

In addition to the items on the countertop, there are two cups placed on the refrigerator, one near the top and the other near the bottom. A cupcake is also placed on the refrigerator, adding to the variety of items in the kitchen."
195204,COCO_val2014_000000195204.jpg,1,1,1,0,0,0,0,0,0,0,,,,,"The image features a large herd of black cows resting on a lush green hillside. There are at least 13 cows in the scene, spread out across the grassy field. Some cows are lying down, while others are standing or sitting. The cows are positioned at various distances from each other, creating a sense of depth in the scene. The peaceful setting and the cows' relaxed postures suggest that they are enjoying their time in the pasture.","The image features a large herd of black cows resting on a lush green hillside. The cows are spread out across the hill, with some cows lying down and others standing. The cows are grazing and enjoying the lush green grass on the hillside.

In total, there are 13 cows visible in the image, with some cows lying down and others standing. The cows are scattered across the hillside, with some cows closer to the foreground and others further in the background. The scene is a peaceful and serene representation of a herd of"
195267,COCO_val2014_000000195267.jpg,4,4,4,0,0,1,0,1,0,0,,,stop sign,,"The image features a man riding a motorcycle across a crosswalk at an intersection. He is wearing a red jacket and a helmet, ensuring his safety while navigating the street. The scene also includes a car parked on the left side of the intersection, and another car further back on the right side.

There are multiple traffic lights in the scene, with one close to the center, another on the left side, and a third one on the right side. A stop sign is also visible on the right side of the intersection. The man on the motorcycle appears to be the main focus of the","The image features a man riding a motorcycle across a crosswalk at an intersection. He is wearing a red jacket and riding a motor scooter. The man is riding in the crosswalk, which is a designated area for pedestrians to cross the street safely.

There are several cars in the scene, with one car located on the left side of the image, another car on the right side, and a third car further back on the right side of the intersection. Additionally, there are two traffic lights in the scene, one on the left side and another on the right side of the"
195367,COCO_val2014_000000195367.jpg,1,1,1,0,0,0,0,0,0,0,,,,,"The image features a brown and white cow with horns standing in a grassy field. The cow appears to be looking at the camera, possibly posing for a picture. The cow's head is turned to the side, and it has a distinctive hairstyle, giving it a unique appearance. The field is lush and green, providing a natural and serene environment for the cow.","The image features a cow with a distinctive appearance, featuring a cow's head with two horns on its head. The cow is standing in a grassy field, possibly in a pasture. The cow appears to be looking at the camera, possibly posing for a picture. The cow's head is turned to the side, and its horns are clearly visible. The cow appears to be in a relaxed and content state, enjoying its time in the field."
196168,COCO_val2014_000000196168.jpg,2,2,2,0,0,1,0,1,0,0,,,bottle,,"The image depicts a small bathroom with a white toilet and a white sink. The toilet is located on the right side of the bathroom, while the sink is situated on the left side. The bathroom features a brown door, which is open, revealing the toilet and sink.

There are two towels in the bathroom, one placed on the left side of the sink and the other on the right side of the toilet. Additionally, there is a bottle located near the sink, possibly containing soap or other bathroom essentials.","The image depicts a small bathroom with a white toilet and a white bathtub. The toilet is located on the right side of the bathroom, while the bathtub is situated on the left side. The bathroom features a tiled floor, which adds to the overall clean and tidy appearance of the space.

In addition to the toilet and bathtub, there is a sink located on the left side of the bathroom, and a towel rack is present near the sink. A toilet paper roll is also visible in the bathroom, placed near"
199918,COCO_val2014_000000199918.jpg,1,1,1,0,0,0,0,0,0,0,,,,,"The image features a large brown bear standing near a waterfall in a zoo enclosure. The bear is positioned close to the water, possibly enjoying the refreshing waterfall or cooling off. The waterfall is located in the middle of the enclosure, creating a picturesque scene for the bear.

In addition to the bear, there are several rocks scattered throughout the enclosure, adding to the natural environment. The rocks are of various sizes and are placed at different heights, providing the bear with a diverse landscape to explore.","The image features a bear in a zoo enclosure, standing near a waterfall and a pond. The bear is positioned close to the waterfall, possibly enjoying the water or observing its surroundings. The bear appears to be a young bear, possibly a bear cub, exploring its environment.

The enclosure features a pond with a pond pond, and the waterfall adds a sense of depth and natural beauty to the enclosure. The bear appears to be curious and curious about its surroundings, possibly exploring the pond or the waterfall."
201190,COCO_val2014_000000201190.jpg,3,3,3,0,0,1,1,0,1,0,,,,,"The image features a woman sitting on a bench, holding a large brown dog in her arms. The dog appears to be a pit bull, and the woman is wearing a hat. The scene takes place in a stadium, as evidenced by the presence of multiple people in the background. Some of these people are standing, while others are sitting on benches.

In addition to the main woman and her dog, there are a few other dogs in the scene, with one dog located near the left side of the image and another dog further back on the right side. The presence of multiple dogs and people in","The image features a woman sitting on a bench, holding a large brown dog in her arms. The dog appears to be a pit bull, and the woman is wearing a hat. The woman is sitting on a bench, and the dog is comfortably resting in her arms.

In the background, there are several other people present in the scene, some of them sitting on the bench as well. The scene appears to be a casual gathering or a public space where people can relax and enjoy the company of their pets."
2014,COCO_val2014_000000002014.jpg,3,3,3,0,0,0,0,0,0,0,,,,,"The image captures a young man riding a skateboard down a street, with a bicycle rider in the background. The skateboarder is wearing a blue shirt and appears to be enjoying his ride. There are several other people in the scene, some of them standing or walking along the street.

In addition to the skateboarder and bicycle rider, there are two more bicycles visible in the scene, one near the left edge of the image and another further back on the right side. The presence of multiple people and bicycles suggests a lively and","The image captures a young man riding a skateboard down a street, with a person on a bicycle riding behind him. The skateboarder is wearing a blue shirt and appears to be enjoying his ride. The bicyclist is riding a bicycle behind the skateboarder, maintaining a safe distance.

There are several other people in the scene, some of them riding bicycles and others walking or standing around. A few bicycles can be seen parked or being ridden by people in the scene. Additionally, there is a back"
20147,COCO_val2014_000000020147.jpg,2,3,2,0,1,0,0,0,0,0,,person,,,"The image features a large field with a herd of zebras grazing on the grass. There are at least 14 zebras visible in the scene, with some standing closer to the foreground and others further in the background. The zebras are spread out across the field, with some standing near the center and others towards the edges.

In addition to the zebras, there are also several horses present in the field. There are at least 11 horses visible, with some standing close to the zebras and others scattered throughout the field. The horses and zebras coexist peace","The image features a beautiful scene of a zebra and a zebra foal standing together in a grassy field. The zebra foal is nursing from its mother, and the mother zebra is attentively watching over her young. The mother zebra is positioned on the left side of the image, while the foal is on the right side.

In the background, there is a herd of zebras grazing in the field, creating a sense of a peaceful and natural environment. The zebras are scattered throughout the field, with some closer to the"
202622,COCO_val2014_000000202622.jpg,1,1,1,0,0,2,1,1,1,0,,,kite,,"The image features a large clock tower with a clock on each of its sides. The clocks are positioned at different heights, making the tower appear tall and impressive. The clocks are visible from various angles, showcasing the tower's unique design.

In the sky above the clock tower, a person is flying a kite, adding a sense of motion and excitement to the scene. The kite can be seen soaring high in the air, creating a lively atmosphere around the clock tower.","The image features a large clock tower with a clock on each side of the tower. The clocks are positioned at different heights, with one clock being higher than the other. The clocks are prominently displayed on the tower, making them easily visible from a distance.

In addition to the clocks, there is a person hanging from a wire in the middle of the tower, possibly performing a stunt or an act of daring. The person's presence adds an element of excitement and intrigue to the scene."
203299,COCO_val2014_000000203299.jpg,1,1,1,0,0,0,0,0,0,0,,,,,"The image features a peaceful scene of two sheep standing on a grassy hillside. The sheep are positioned close to each other, with one sheep standing slightly behind the other. The sky serves as a beautiful backdrop for the scene, creating a serene atmosphere. The grassy hillside provides a natural and comfortable environment for the sheep to graze and rest.","The image features a peaceful scene of two sheep standing on a grassy hillside. The sheep are grazing on the grass, enjoying the lush green hillside. The sheep are positioned close to each other, with one sheep standing slightly behind the other. The sheep are grazing in a grassy field, surrounded by a lush green hillside, creating a serene and picturesque scene."
204536,COCO_val2014_000000204536.jpg,1,1,1,0,0,0,0,0,0,0,,,,,"The image features a group of three elephants walking together in a grassy field. The elephants are spread out, with one on the left side, another in the middle, and the third on the right side of the field. They are all facing the same direction, possibly moving towards a common destination.

The elephants are adorned with tusks, which can be seen on the two elephants on the right side of the image. The grassy field provides a natural habitat for these majestic creatures, and the scene captures the beauty and grace of these animals as they traverse their","The image features a group of three elephants walking together in a grassy field. The elephants are spread out, with one elephant on the left side, another in the middle, and the third one on the right side of the image. The elephants are walking through the grass, with one of them appearing to be eating grass.

The elephants are of different sizes, indicating that they might be a family or a herd. The elephants are walking in a line, creating a sense of unity and togetherness among the elephants."
206218,COCO_val2014_000000206218.jpg,2,2,2,0,0,3,1,2,1,0,,,chair; person,,"The image features a unique, homemade vehicle with a laptop computer mounted on top of it. The laptop is open and appears to be in use, possibly for navigation or controlling the vehicle. The vehicle itself is a combination of a tank and a cart, giving it a distinctive appearance.

In the background, there is a dining table with a chair placed near it. Additionally, there are two backpacks, one located near the table and the other further away. A person can be seen in the scene, possibly working on the vehicle or observing the setup.","The image features a makeshift robotic vehicle, possibly a tank or a tank-like vehicle, with a laptop computer sitting on top of it. The laptop is open and appears to be connected to the robotic vehicle, possibly for controlling or monitoring the vehicle's movements.

The robotic vehicle is positioned in a room, and the laptop is placed on a wooden table or a makeshift platform. The room appears to be a workshop or a workspace, as there are several tools and tools scattered around the room. A backpack can also be seen in the room, possibly containing more tools or"
208748,COCO_val2014_000000208748.jpg,7,5,4,3,1,3,0,3,0,0,cup; fork; knife,chair,bottle; bowl; spoon,,"The image depicts a large group of people gathered around a long dining table, enjoying a meal together. There are at least 13 people visible in the scene, with some sitting and others standing around the table. The table is filled with various food items, including sandwiches, bowls, and cups.

Several wine glasses are placed on the table, indicating that the guests are also enjoying some wine during their meal. The table is set with forks, knives, and spoons, as well as a few bottles, suggesting that the guests have a variety","The image depicts a large group of people gathered around a long dining table, enjoying a meal together. The table is filled with various dishes, including sandwiches, and is set with numerous wine glasses, wine glasses, and wine glasses. The guests are seated around the table, enjoying their meal and engaging in conversation.

The dining table is surrounded by chairs, and the guests are seated on them while they enjoy their meal. The guests are engaged in conversation, creating a lively atmosphere. The table is also adorned with a few cu"
208808,COCO_val2014_000000208808.jpg,2,2,2,0,0,1,2,0,1,1,,,,bench,"The image captures a young man skillfully performing a trick on his skateboard, flying through the air while riding it. He is in the middle of the action, showcasing his talent and balance. 

The scene takes place in a parking lot, with several cars parked around the area. There are at least five cars visible in the background, with some closer to the foreground and others further away. The skateboarder's impressive jump is the main focus of the image, highlighting his athleticism and passion for the sport.","The image captures a young man skillfully performing a trick on his skateboard, jumping high into the air while riding the skateboard. The skateboarder is in the middle of the scene, showcasing his impressive jump.

The image also features a park setting, with a bench visible in the background. The park is surrounded by a parking lot, with several cars parked in the lot. The cars are scattered around the lot, with some cars parked closer to the park and others further away."
209782,COCO_val2014_000000209782.jpg,5,4,4,1,0,0,0,0,0,0,bottle,,,,"The image features a man sitting on a wooden bench in a city setting. He is wearing a black shirt and appears to be relaxing or waiting for someone. Another person is sitting on a bench nearby, and a third person is standing further back in the scene.

There are several cars parked in the background, with one car on the left side of the image, another on the right side, and a third car further back. A handbag is placed on the ground near the man sitting on the bench, and a bottle can be seen on the ground as well.","The image features a man sitting on a wooden bench, wearing a black shirt and black shoes. He is sitting on a bench in a public area, possibly a park or a busy street. Another man is sitting on a bench nearby, also wearing a black shirt. 

There are several other people in the scene, some of them sitting on other benches and some standing nearby. A car is parked in the background, and a handbag can be seen placed on the ground near one of the benches. The scene appears to be a public area where people are enjoying their time"
210032,COCO_val2014_000000210032.jpg,7,4,4,3,0,1,2,0,1,1,chair; cup; fork,,,hot dog,"The image features a dining table with a plate of food, including a half-eaten sandwich and a side of ketchup. A bird is perched on the table, standing near the plate and seemingly interested in the food. 

There are several people in the scene, with one person sitting on a bench close to the table and others standing around the area. A cup can be seen on the table, and a fork is placed near the plate. The scene appears to be set outdoors, with a bench and a chair visible in the background.","The image features a dining table with a plate of food, including a half-eaten sandwich and a hot dog, placed on the table. A bird is perched on the table, standing near the plate of food, possibly attracted by the food. 

There are several people in the scene, with one person sitting at the table and others standing nearby. A bench is also visible in the scene, located near the table. The dining table is situated near a body of water, providing a picturesque setting for the meal."
210221,COCO_val2014_000000210221.jpg,1,1,1,0,0,2,1,1,1,0,,,car,,"The image features a street scene with three fire trucks parked on the side of the road. The fire trucks are positioned in a row, with one on the left side, another in the middle, and the third on the right side of the street. 

There are also two people visible in the scene, one standing closer to the left side of the street and the other near the center. Additionally, a car can be seen parked further down the street, closer to the right side.","The image features a street scene with three fire trucks parked on the side of the road. The fire trucks are parked in a row, with one fire truck positioned in the middle and the other two on either side of it. The fire trucks are parked on the side of the road, possibly attending to an emergency or waiting for their next assignment.

In addition to the fire trucks, there are two people visible in the scene, one near the middle of the scene and the other closer to the right side of the image. The presence of these people suggests that"
210299,COCO_val2014_000000210299.jpg,2,2,2,0,0,0,0,0,0,0,,,,,"The image features a young boy riding a bicycle on a concrete surface. He is wearing a helmet for safety while enjoying his ride. The bicycle is positioned towards the left side of the image, with the boy sitting on it and pedaling. The scene captures the child's excitement and determination as he navigates the terrain.","The image features a young boy riding a bicycle on a concrete surface. The boy is wearing a helmet for safety while riding the bike. The bicycle is positioned towards the left side of the image, and the boy is riding it with determination. The scene captures the boy's excitement and enjoyment of riding the bike."
21378,COCO_val2014_000000021378.jpg,2,1,1,1,0,0,3,0,0,3,boat,,,cell phone; handbag; train,"The image features a mirror reflecting a group of people standing on a boat. There are at least 13 people visible in the mirror, with some of them standing closer to the edge of the boat, while others are positioned further back. The people are scattered throughout the boat, with some standing near the center and others closer to the edges.

The boat appears to be a ferry, as it is carrying passengers across a body of water. The mirror captures the passengers' reflections, providing a unique perspective of the scene.","The image features a mirror reflecting the interior of a train, capturing the passengers on board. There are several people visible in the mirror, some standing and others sitting, all engaged in various activities. The passengers are scattered throughout the train, with some closer to the mirror and others further away.

In addition to the passengers, there are a few personal items visible in the mirror, such as a handbag and a cell phone. The handbag is located near the center of the mirror, while the cell phone is located closer to the right side of the mirror. The mirror captures the essence of a busy train ride"
215897,COCO_val2014_000000215897.jpg,2,2,2,0,0,0,0,0,0,0,,,,,"The image features two men standing on a sandy beach, each holding a surfboard. They are positioned close to each other, with one man standing slightly behind the other. The surfboards are placed horizontally on the ground, with one surfboard slightly in front of the other.

The beach setting is further enhanced by the presence of a few rocks scattered around the area. The overall atmosphere suggests that the two men are enjoying a day of surfing and spending time together on the beach.","The image features two men standing on a sandy beach, each holding a surfboard. They are both wearing wetsuits, indicating that they are surfers preparing to go surfing. The surfboards are placed on the sand, with one surfboard being held by the man on the left and the other by the man on the right.

The beach setting is further enhanced by the presence of a surfboard on the sand, which is not being held by either of the men. The beach appears to be a popular spot for surfing, as the two men are not the only"
216083,COCO_val2014_000000216083.jpg,1,1,1,0,0,2,0,2,0,0,,,person; truck,,"The image features a yellow fire hydrant prominently placed on a sidewalk, with a chain attached to it. The fire hydrant is situated in front of a fence, which is likely part of a construction site. The fence is made of metal and stretches across the background of the scene.

In the background, there are two trucks parked, one on the left side and the other on the right side of the image. Additionally, there is a person standing near the right side of the scene, possibly observing the construction site or the fire hydrant.","The image features a yellow fire hydrant sitting on a sidewalk next to a chain-link fence. The fire hydrant is positioned near the fence, and the fence is located in front of a building. The fence appears to be a chain-link fence, and the fence is located in front of a building. The fire hydrant is situated on the sidewalk, and the fence is located in front of the building."
216228,COCO_val2014_000000216228.jpg,4,4,4,0,0,1,1,1,0,1,,,traffic light,car,"The image features a woman riding a skateboard down a Hollywood Boulevard sidewalk. She is wearing a white shirt and appears to be enjoying her ride. The woman is also carrying a handbag while skateboarding.

There are several other people in the scene, some of whom are walking or standing on the sidewalk. A bicycle can be seen parked on the sidewalk, and a traffic light is visible in the background. The overall atmosphere of the scene is lively and bustling, typical of a busy city street.","The image features a woman riding a skateboard down a street, possibly on Hollywood Boulevard. She is wearing a white shirt and appears to be enjoying her ride. The woman is also carrying a handbag while skateboarding.

There are several other people in the scene, some of whom are walking or standing on the sidewalk. A few of them are carrying handbags as well. Additionally, there is a bicycle parked on the sidewalk, and a car is visible in the background."
217957,COCO_val2014_000000217957.jpg,1,1,1,0,0,0,0,0,0,0,,,,,"The image features a large, ornate clock mounted on the side of a building. The clock is adorned with gold trim and intricate designs, making it a striking focal point. The clock face is surrounded by a decorative border, and there are two statues on either side of the clock, adding to the overall aesthetic appeal.

In addition to the clock, there are two smaller clocks visible in the scene, one located above the main clock and the other below it. The clocks are also adorned with gold trim, further enhancing the elegance of the scene.","The image features a large, ornate clock mounted on the side of a building. The clock is adorned with gold and gold leaf, giving it a luxurious appearance. The clock is surrounded by intricate designs and decorations, including a gold frame and a gold border.

In addition to the clock, there are two statues on either side of the clock, each holding a shield. These statues add to the overall grandeur of the clock and the building it is mounted on. The clock is positioned on the side of the building, making it a prominent feature of the building's exterior."
218752,COCO_val2014_000000218752.jpg,1,1,1,0,0,2,1,2,0,1,,,bowl; chair,dining table,"The image features a cow lying down in a pen, surrounded by hay. The cow appears to be resting or possibly sleeping, with its head tilted to the side. There are two other cows in the scene, one standing near the left side of the image and another one further back on the right side.

In addition to the cows, there are two bowls in the pen, one located near the center of the image and the other one closer to the right side. A chair can also be seen in the background, positioned near the left side of the image.","The image features a cow lying down in a pen, surrounded by hay. The cow is resting on a pile of hay, and it appears to be resting or relaxing. The cow is accompanied by a calf, which is lying down next to the cow. The calf is also resting on the hay, close to the cow.

The pen is surrounded by a fence, and there is a dining table visible in the background. The scene appears to be a peaceful and serene moment in the life of the cow and its calf."
220638,COCO_val2014_000000220638.jpg,4,5,4,0,1,1,0,1,0,0,,bowl,bottle,,"The image features a young boy sitting at a dining table, eating a meal. He is using a spoon to eat his food, which is placed on a plate in front of him. The boy is focused on his meal, and there is a chair positioned next to him.

The dining table is surrounded by chairs, with one on the left side of the table and another on the right side. There are also two other people in the scene, one standing near the top left corner and another person standing in the top right corner. A bottle can be seen on the table, possibly containing","The image features a young boy sitting at a dining table, eating a meal. He is using a spoon to eat his food, which appears to be a bowl of cereal. The boy is focused on his meal, enjoying his breakfast.

The dining table is surrounded by chairs, with one chair visible on the left side of the table and another on the right side. The table is set with a bowl of cereal, a spoon, and a spoon resting on the table. The boy is seated at the table, enjoying his meal."
220732,COCO_val2014_000000220732.jpg,3,3,2,1,1,0,0,0,0,0,person,bus,,,"The image depicts a busy city street filled with various vehicles, including a large white bus, a truck, and several cars. The bus is positioned in the middle of the scene, while the truck is located towards the left side of the street. The cars are scattered throughout the scene, with some closer to the bus and others further away.

There are also a few pedestrians visible on the street, with one person standing near the left edge of the image and another person closer to the center. The street is bustling with activity, showcasing the typical hustle and bust","The image depicts a busy city street with a mix of vehicles, including buses, trucks, and cars. There are two buses in the scene, one on the left side of the street and another on the right side. A truck is also visible on the left side of the street, and a truck and a truck-trailer are present on the right side of the street.

In addition to the buses and trucks, there are several cars on the street, with some cars positioned behind the buses and others scattered throughout the scene. A truck-trailer"
221390,COCO_val2014_000000221390.jpg,6,3,3,3,0,2,0,2,0,0,chair; remote; vase,,book; tv,,"The image features a man sitting on a couch with a young child, likely his son, in his lap. The man is wearing a tie, which is visible as he holds the child. The couch is situated in a living room, with a chair placed nearby.

In the room, there are several books scattered around, indicating that the family enjoys reading. A remote control can be seen on the couch, suggesting that they might have been watching television or using a streaming device. Additionally, a vase is placed on a surface in the room, adding a decorative touch to the space.","The image features a man sitting on a couch with a young child, likely his son, sitting on his lap. The man is wearing a tie, which is a unique detail in the scene. The man and the child are sitting on the couch, with the child sitting on the man's lap.

The room features a couch, a couch in the background, and a couch in the background. There is a couch in the background, and a couch in the background. The room also features a couch in the background, and a couch in the background. The room also features"
222788,COCO_val2014_000000222788.jpg,2,2,2,0,0,0,0,0,0,0,,,,,"The image features a group of five people standing on a sandy beach, each holding a surfboard. They are posing for a picture, showcasing their surfboards and enjoying their time together. The surfboards are of various sizes and are held by the individuals in different positions, creating a visually appealing composition. The beach setting and the presence of surfboards suggest that the group is likely participating in a surfing activity or simply enjoying a day out by the ocean.","The image features a group of five people standing on a sandy beach, posing together with their surfboards. They are all wearing wetsuits, indicating that they are surfers. The surfboards are arranged in a row, with each surfer holding their surfboard in front of them.

The surfers are standing in a line, with the first surfer on the left side of the image, the second surfer in the middle, the third surfer on the right side, the fourth surfer in the middle, and the fifth surfer on the right side of the image. The sur"
223554,COCO_val2014_000000223554.jpg,1,1,1,0,0,0,0,0,0,0,,,,,"The image features two large white pelicans standing on a concrete surface near a body of water. They are positioned close to each other, with one pelican slightly to the left and the other slightly to the right. The water appears to be a river, as there are several birds swimming in it.

In addition to the two main pelicans, there are several other birds scattered throughout the scene, both in the water and on the concrete surface. Some of these birds are closer to the pelicans, while others are further away, creating a lively and bustling atmosphere.","The image features two large white pelicans standing on a concrete surface near a body of water. They are positioned close to each other, possibly interacting or socializing. The pelicans are standing on a concrete ledge, which is located near the water.

In the background, there are several birds of various sizes, some of which are also near the water. The birds are scattered throughout the scene, with some closer to the pelicans and others further away. The presence of these birds creates a lively and lively atmosphere in the image."
22382,COCO_val2014_000000022382.jpg,1,1,1,0,0,1,1,0,1,0,,,,,"The image features a large, ornate church with a prominent clock tower. The clocks are located on the front and side of the building, making it easy for people to tell the time. The church has a beautiful stone facade, and the clocks are positioned at different heights, adding to the architectural interest.

In addition to the clocks, there are two crosses visible on the building, one near the top and the other towards the middle. The church's design and the presence of the clocks make it an impressive and functional structure.","The image features a large, ornate church with a prominent clock tower. The church features a large clock on each side of the building, making it easy for people to tell the time. The church has a beautiful, old-fashioned design, featuring a clock tower with a clock on each side. The clocks are positioned at different heights, adding to the church's architectural charm. The church's architecture is reminiscent of a cathedral, making it a beautiful and impressive sight."
224757,COCO_val2014_000000224757.jpg,2,2,2,0,0,0,0,0,0,0,,,,,"The image features a group of children gathered on a grassy field, with a man standing among them. The children are holding soccer balls, and the man appears to be teaching them how to play soccer. There are at least 12 children in the scene, with some standing closer to the man and others spread out across the field.

In addition to the children and the man, there are three sports balls visible in the scene, with one near the center, another towards the left side, and the third one closer to the right side of the field. The children seem to be enjoying their time on the field","The image features a group of children gathered on a grassy field, engaged in a soccer practice session. There are several children standing on the field, with some of them holding soccer balls. A man, possibly a coach or a parent, is standing among the children, watching and guiding them as they practice their soccer skills.

In total, there are 12 children and 5 soccer balls visible in the scene. The children are spread out across the field, with some standing closer to the man and others further away. The children are engaged in the practice, learning and improving their soccer skills"
225225,COCO_val2014_000000225225.jpg,2,2,2,0,0,1,0,1,0,0,,,bench,,"The image features a train station with two trains parked side by side on the tracks. The trains are of different colors, with one being red and the other being purple. The trains are positioned close to each other, with one train occupying the left side of the image and the other train taking up the right side.

There are several people in the scene, with some standing near the trains and others scattered throughout the station. A bench can be seen in the middle of the station, providing a place for passengers to sit and wait.","The image features a train station with two trains parked side by side on the tracks. The trains are positioned close to each other, with one train occupying the majority of the image and the other train occupying a smaller portion of the image.

There are several people in the scene, with some standing near the trains and others scattered throughout the station. Some people are closer to the trains, while others are further away, possibly waiting for their train or just passing through the station."
22563,COCO_val2014_000000022563.jpg,1,1,1,0,0,1,1,0,1,0,,,,,"The image features a vase filled with purple flowers, placed on a table. The vase is positioned in the center of the scene, and the flowers are arranged in a visually appealing manner. The flowers are accompanied by a green leaf, adding a touch of color and life to the arrangement. The overall scene creates a pleasant and inviting atmosphere.","The image features a vase filled with a beautiful arrangement of purple flowers, likely purple hydrangeas, placed on a table. The vase is positioned on a table, and the vase itself is green. The vase is placed on a table, and the vase itself is green. The vase is placed on a table, and the vase itself is green. The vase is placed on a table, and the vase itself is green. The vase is placed on a table, and the vase itself is green. The vase is placed on a table, and the vase itself"
227845,COCO_val2014_000000227845.jpg,1,1,1,0,0,0,0,0,0,0,,,,,"The image features a group of giraffes in a zoo enclosure. There are three giraffes in total, with one giraffe standing prominently in the foreground, looking directly at the camera. The other two giraffes are positioned behind the main giraffe, one on the left side and the other on the right side of the image.

The giraffes are standing on a dirt ground, which is typical for a zoo enclosure. The scene captures the unique features of these animals, including their long necks and distinctive spots.","The image features a giraffe standing in a dirt area, possibly a zoo enclosure. The giraffe is looking directly at the camera, capturing the viewer's attention. Another giraffe can be seen in the background, walking away from the main giraffe.

There are also two other giraffes in the scene, one located in the background and another closer to the right side of the image. The giraffes are standing in a dirt area, which is typical of a zoo enclosure."
230008,COCO_val2014_000000230008.jpg,3,3,3,0,0,1,0,1,0,0,,,handbag,,"The image features a police officer sitting on a motorcycle, parked on the side of the road. The officer is wearing a helmet and is positioned near a bush. A car is parked in front of the motorcycle, and another car can be seen further down the road.

There are two other people in the scene, one standing near the motorcycle and the other person standing closer to the car. A handbag is placed on the ground near the person standing by the motorcycle.","The image features a police officer on a motorcycle parked on the side of the road. The officer is wearing a helmet and is standing next to the motorcycle. The motorcycle is parked near a green car, which is parked in a parking space.

There are a few other cars in the scene, including a car parked behind the green car and another car parked further away. Additionally, there is a person standing near the green car, possibly observing the scene or waiting for someone."
230212,COCO_val2014_000000230212.jpg,2,2,2,0,0,1,0,1,0,0,,,traffic light,,"The image features a train traveling down the tracks, surrounded by lush green trees. The train is positioned in the middle of the scene, with a few people visible near the front of the train. The train appears to be a passenger train, as it is moving along the tracks.

There are two traffic lights in the scene, one located near the left side of the train and the other on the right side. The presence of these traffic lights suggests that the train is passing through an area with controlled intersections or crossings.","The image features a train traveling down the tracks, surrounded by lush green trees and a lush green field. The train is moving along the tracks, and the train tracks are positioned next to a grassy area. The train is a black and red train, and it appears to be a passenger train.

There are a few people visible in the image, likely passengers waiting for the train or observing the train as it passes by. The scene captures the essence of a peaceful and scenic train journey through a lush green landscape."
232085,COCO_val2014_000000232085.jpg,1,1,1,0,0,0,0,0,0,0,,,,,"The image features two elephants standing next to each other in a dirt field. They appear to be enjoying the sunshine and are positioned close to a water source, possibly a pond or a watering hole. The elephants are facing the same direction, possibly looking for food or water.

The scene also includes a few trees in the background, providing a natural setting for the elephants. The elephants are the main focus of the image, with their size and presence dominating the scene.","The image features two elephants standing next to each other in a dirt field. They are positioned close to a water source, possibly a pond or a watering hole. The elephants are standing near a pond, and one of them is drinking water from the pond. The elephants appear to be enjoying their time together in the field."
23369,COCO_val2014_000000023369.jpg,1,1,1,0,0,3,0,3,0,0,,,bench; person; potted plant,,"The image features a black motorcycle parked on the side of a road, with a flag flying nearby. The motorcycle is positioned in the middle of the scene, and it appears to be the main focus of the image. 

In the background, there are several potted plants placed along the road, adding a touch of greenery to the scene. Additionally, there are two benches located further down the road, providing a place for people to sit and enjoy the surroundings.","The image features a black motorcycle parked on the side of a road, with a flag flying nearby. The motorcycle is positioned on the side of the road, and the motorcycle's mirror is visible. The motorcycle is parked on the grass, and the motorcycle's mirror is facing the camera.

In the background, there is a house and a flag, which adds to the overall atmosphere of the scene. The motorcycle is parked on the grass, and the motorcycle's mirror is facing the camera."
233840,COCO_val2014_000000233840.jpg,2,1,1,1,0,1,1,0,1,0,fork,,,,"The image features a delicious-looking barbecue sandwich served in a paper basket. The sandwich is filled with meat and topped with coleslaw, making it a mouth-watering meal. The sandwich is placed on a dining table, and a plastic fork is provided for eating. The sandwich is the main focus of the image, and it appears to be a tasty and satisfying meal.","The image features a delicious-looking barbecue sandwich served in a paper basket. The sandwich is filled with meat and topped with coleslaw, making it a mouth-watering meal. The sandwich is placed on a dining table, and the basket is placed on a table as well.

The sandwich is served in a paper basket, which is placed on a dining table. The basket is placed on the table, and the basket is placed on the table. The basket is placed on the table, and the basket is placed on the table. The basket is placed on the table"
239943,COCO_val2014_000000239943.jpg,1,1,1,0,0,0,0,0,0,0,,,,,"The image features a group of four zebras running and playing together in a dirt field. They are spread out across the field, with one zebra positioned towards the left side, another in the middle, and the remaining two zebras on the right side. The zebras appear to be enjoying their time together, possibly engaging in a playful chase or simply running around for fun.","The image features a group of zebras running and playing in a dirt field. There are four zebras in total, with one zebra positioned towards the left side of the image, another in the middle, and two more towards the right side. The zebras are running and playing together, enjoying their time in the field.

The field is surrounded by a dirt field, and there is a dirt wall in the background. The zebras are running in a dirt field, which is a part of their natural habitat."
240403,COCO_val2014_000000240403.jpg,2,2,2,0,0,0,0,0,0,0,,,,,"The image features a group of young children standing on a tennis court, posing for a picture. There are five children in total, with three of them holding tennis rackets. The children are standing in a line, with one child on the left side, two in the middle, and one on the right side of the court.

In addition to the children, there are two tennis rackets visible in the scene. One racket is held by a child on the left side of the court, while the other is held by a child on the right side. The children appear to be enjoying their time on the tennis court","The image features a group of young children standing on a tennis court, posing for a picture. There are five children in total, all dressed in tennis attire and holding tennis rackets. They are standing in a line, with some of the children standing closer to the front and others towards the back.

The children are all holding tennis rackets, with some of them holding them in their hands and others holding them in their hands. The children are all smiling and appear to be enjoying their time on the tennis court."
242301,COCO_val2014_000000242301.jpg,2,2,2,0,0,4,3,1,3,0,,,remote,,"The image features two women playing a game of ""airplane"" on a bed. One woman is lying on her stomach, while the other woman is standing on the bed, both with their arms outstretched. They seem to be enjoying their time together, possibly in a hotel room.

In the room, there is a chair located near the left side of the bed, and a TV can be seen on the right side. A remote control is placed on the bed, close to the right side of the scene. Additionally, there is a person partially visible in the background, possibly observing the women'","The image features two women playing a game of ""airplane"" on a bed, with one woman lying on the bed and the other woman standing on the bed. The standing woman is pretending to fly, while the lying woman is enjoying the playful moment. 

In the background, there is a man lying on the bed, possibly watching the women play or simply resting. The room also features a bed with a white bedspread, a chair, and a TV mounted on the wall. The scene appears to be a fun and lighthearted moment shared among friends."
245447,COCO_val2014_000000245447.jpg,4,4,4,0,0,2,1,2,0,1,,,bottle; bowl,chair,"The image depicts a group of people sitting around a dining table in a restaurant, engaged in using their cell phones. There are four people in the scene, with two women sitting on one side of the table and two men on the other side. 

Various items can be seen on the table, including a cup, a bottle, and a bowl. A cell phone is also visible on the table, likely belonging to one of the people in the group. The atmosphere appears to be casual and relaxed, as the group enjoys their time together while using their devices.","The image depicts a group of people sitting around a dining table in a restaurant, enjoying their meal and engaging with their cell phones. There are four people in the scene, with two women sitting on one side of the table and two women on the other side. 

The table is set with various items, including cups, cups, and cups. There are also a few cups placed on the table, and a few cups are placed on the table as well. The table is surrounded by chairs, and the people are seated comfortably. The atmosphere appears to be"
246124,COCO_val2014_000000246124.jpg,2,2,2,0,0,1,0,1,0,0,,,tie,,"The image features three men standing on a hill, looking up at a kite flying high in the sky. The men are dressed in suits, with one of them wearing a tie. They appear to be enjoying the outdoor activity and the beautiful view of the kite soaring above them. The scene captures a moment of leisure and relaxation for the group.","The image features three men dressed in suits and ties, standing on a hillside and flying a kite together. They are all wearing ties, which adds a formal touch to their outdoor activity. The kite is soaring high in the sky, capturing the attention of the men as they enjoy their time together.

The men are standing close to each other, with one man on the left, another in the middle, and the third man on the right. The men are positioned in a way that allows them to enjoy the kite flying and the beautiful scenery around them."
246248,COCO_val2014_000000246248.jpg,4,4,4,0,0,2,0,2,0,0,,,fire hydrant; person,,"The image depicts a busy street intersection with a stop sign prominently displayed on the right side of the scene. The intersection is surrounded by buildings, and there are several cars and trucks navigating the area. 

In addition to the stop sign, there are multiple traffic lights positioned throughout the scene, ensuring proper traffic flow. A few pedestrians can be seen walking around the intersection, and a fire hydrant is visible on the sidewalk. The overall atmosphere of the scene is bustling and active, with people and vehicles moving through the area.","The image depicts a busy street intersection with a stop sign prominently displayed on the side of the road. The intersection is located in a foreign country, as indicated by the presence of flags on the street. The intersection is surrounded by buildings, and the street is lined with trees, providing a pleasant atmosphere.

There are several vehicles on the street, including cars and trucks, as well as a truck parked near the intersection. Traffic lights are also present at the intersection, ensuring proper traffic flow. The scene captures the essence of a busy intersection in a foreign country, with a"
246252,COCO_val2014_000000246252.jpg,2,2,2,0,0,1,1,0,1,0,,,,,"The image captures a snowy ski slope with several people skiing and snowboarding. A young man is prominently riding a snowboard down the slope, while another person is skiing nearby. There are also a few other skiers and snowboarders scattered across the slope, enjoying the winter sports.

The ski slope is surrounded by trees, adding to the picturesque winter landscape. The scene is lively, with people of various skill levels participating in the activities.","The image captures a snowy ski slope with a young man riding a snowboard down the slope. He is wearing a red jacket and appears to be enjoying his time on the slope. Another person is also present on the slope, skiing down the slope behind the snowboarder.

There are a few other people scattered around the slope, some skiing and others skiing, creating a lively atmosphere on the slope. The scene captures the excitement and enjoyment of winter sports on a sunny day."
248069,COCO_val2014_000000248069.jpg,2,2,2,0,0,1,0,1,0,0,,,bench,,"The image features a young girl standing in front of a large elephant, which is behind a fence. The girl appears to be enjoying her time at the zoo, as she is smiling and posing for the camera. The elephant is positioned on the left side of the image, with its trunk visible above the fence.

In the background, there is a bench located on the right side of the scene, possibly for visitors to sit and observe the animals. The girl is wearing a black dress, and her shoes are red, adding a pop of color to the scene.","The image features a young girl standing in front of a fence, smiling and looking at an elephant that is standing behind the fence. The elephant is quite large, occupying a significant portion of the image. The girl appears to be enjoying her time observing the elephant, possibly at a zoo or a wildlife park."
248400,COCO_val2014_000000248400.jpg,4,3,3,1,0,5,3,3,2,1,bowl,,cup; sink; vase,oven,"The image features a man standing in a kitchen, holding a pizza box with a pizza inside. He appears to be excited about the pizza and is making a funny face. The kitchen is well-equipped with a sink, a refrigerator, and a microwave.

There are several items on the countertop, including a bowl, a cup, and a vase. A potted plant is also present in the room, adding a touch of greenery to the space. The man's facial expression and the presence of the pizza create a light-hearted and enjoy","The image features a man standing in a kitchen, holding a pizza box with a pizza inside. He appears to be excited about the pizza and is making a funny face. The pizza is placed inside a pizza box, which is placed on a countertop.

The kitchen is well-equipped with various appliances, including a refrigerator, a microwave, and an oven. There are also a few potted plants in the kitchen, adding a touch of greenery to the space. A potted plant is located near the refrigerator, while another is placed"
253263,COCO_val2014_000000253263.jpg,7,2,2,5,0,1,0,1,0,0,book; chair; keyboard; mouse; tv,,cup,,"The image features a wooden desk with a laptop and two computer monitors placed on it. The laptop is positioned towards the right side of the desk, while the two monitors are located on the left side. A keyboard is placed in front of the laptop, and a mouse can be seen on the right side of the desk.

There are several books scattered around the desk, with some placed near the laptop and others on the left side of the desk. A cup is also visible on the left side of the desk, and a chair is situated in the background, ready for someone to sit and","The image features a wooden desk with a wooden desk top, featuring a wooden desk top. On the desk, there is a laptop computer, a laptop computer, and a laptop computer. The laptop computers are placed on the desk, with one on the left side, one in the middle, and one on the right side of the desk. 

In addition to the laptop computers, there is a laptop computer on the right side of the desk. A laptop computer is also placed on the left side of the desk. A laptop computer is positioned in the middle of the desk, and"
253575,COCO_val2014_000000253575.jpg,1,1,1,0,0,0,0,0,0,0,,,,,"The image features a snowy landscape with two polar bears walking across a field. One polar bear is located towards the left side of the image, while the other is positioned more towards the center. The snow-covered field provides a picturesque backdrop for the bears as they traverse the wintry terrain.","The image features a snowy landscape with two polar bears walking through the snow. One polar bear is located towards the left side of the image, while the other is positioned more towards the center. The polar bears appear to be walking together, possibly exploring the snowy landscape.

The snowy landscape is surrounded by trees, creating a picturesque winter scene. The snow-covered trees and the polar bears together create a serene and captivating image."
253624,COCO_val2014_000000253624.jpg,4,4,4,0,0,2,1,1,1,0,,,wine glass,,"The image features a brown and white cat sitting on a wooden chair, which is positioned in front of a dining table. The cat appears to be relaxed and comfortable on the chair, possibly enjoying the warmth of the wood. 

The dining table is set with various items, including a wine glass, a bowl, and a bottle. The wine glass is placed near the center of the table, while the bowl is located towards the right side. The bottle is situated on the left side of the table. The scene creates a cozy atmosphere, with the cat as the main focus.","The image features a brown and white cat sitting on a wooden chair, which is placed in front of a dining table. The cat appears to be relaxed and comfortable on the chair, possibly enjoying the warmth of the wooden chair. 

The dining table is set with a bowl and a bottle, indicating that the table is prepared for a meal. The dining table is positioned in the background, with the chair being the main focus of the image."
256343,COCO_val2014_000000256343.jpg,6,3,3,3,0,4,3,2,2,1,bowl; cup; potted plant,,bottle; refrigerator,microwave,"The image features a woman standing in a kitchen, preparing food. She is holding a spoon and sprinkling cheese onto a pizza, which is placed on a cutting board on the counter. The kitchen is well-equipped with various appliances, including a refrigerator, an oven, and a sink.

There are multiple bowls and cups scattered around the kitchen, with one bowl placed near the sink and another on the counter. A potted plant can be seen in the background, adding a touch of greenery to the space. A bottle is also visible on the","The image features a woman standing in a kitchen, preparing food in the kitchen. She is holding a spoon and sprinkling cheese on a pizza, which is placed on the counter. The kitchen is well-equipped with various kitchen appliances, including a microwave, oven, and sink.

The kitchen is also equipped with a sink, a sink, and a sink. The kitchen is also equipped with a sink, a sink, and a sink. The kitchen is also equipped with a sink, a sink, and a sink. The kitchen is also equipped with a"
256973,COCO_val2014_000000256973.jpg,3,3,3,0,0,1,1,1,0,1,,,spoon,person,"The image features a wooden dining table with a variety of items on it. There is a cup placed on the table, accompanied by a book and a small rock. The cup is positioned towards the left side of the table, while the book is located in the middle, and the rock is situated on the right side. 

In addition to these items, there are several books scattered around the table, with some placed near the edge and others closer to the center. A spoon can also be seen on the table, positioned near the left side of the cup.","The image features a wooden dining table with a variety of items on it. On the table, there is a book titled ""Topology"" placed on the table, along with a cup of coffee. The table also has a cup of coffee and a cup of coffee with a coffee mug. 

In addition to the coffee and coffee mug, there are several books scattered across the table, some of which are placed on the table's surface. A cup of coffee is also present on the table, along with a cup of coffee and a coffee mug. The table appears to be a gathering place for people"
25751,COCO_val2014_000000025751.jpg,2,2,2,0,0,1,0,1,0,0,,,person,,"The image features a dining table with two plates of delicious donuts. The first plate is filled with a variety of donuts, including some with frosting and others without. The second plate is placed next to the first one, and it also contains a selection of donuts.

In total, there are 13 donuts visible on the table, with some placed closer to the edges and others in the center. The arrangement of the donuts creates an appetizing display, inviting people to enjoy a sweet treat.","The image features a dining table with two plates of doughnuts on display. The doughnuts are arranged on a white plate, and there are also some doughnuts on a separate plate. The doughnuts are glazed and appear to be freshly made.

In addition to the doughnuts, there are a few doughnut holes scattered around the table. The doughnut holes are scattered on the table, with some on the white plate and others on the separate plate. The doughnut holes are also glazed, adding to the variety of doughnut options"
261665,COCO_val2014_000000261665.jpg,2,2,2,0,0,0,0,0,0,0,,,,,"The image features a blue and yellow train traveling down the tracks, surrounded by a lush green field. The train is carrying a large number of cargo cars, indicating that it is a freight train. The train is moving along the tracks, and the surrounding landscape is picturesque, with trees and bushes visible in the background. The scene captures the essence of a bustling transportation system, moving goods and resources across the country.","The image features a blue and yellow train traveling down the tracks, moving along a rural countryside. The train is carrying a large number of freight cars, indicating that it is a cargo train. The train is traveling on a track that runs parallel to a road, with the train occupying the majority of the image.

The train is moving along the tracks, and the train cars are arranged in a long line, indicating that it is a cargo train. The train's cargo cars are carrying a variety of cargo, making it a busy and bustling scene."
262162,COCO_val2014_000000262162.jpg,9,7,7,2,0,0,0,0,0,0,book; cup,,,,"The image features a bedroom with a bed situated in the left corner of the room. A desk with a computer setup is located in the right corner of the room, with a chair positioned in front of it. The desk has a keyboard and a mouse on it, indicating that it is a workspace.

There are several books scattered around the room, with some on the desk and others on the floor. A cup can be seen placed on the desk, and a TV is mounted on the wall above the desk. The room also has a window, allowing natural light to enter the space.","The image features a bedroom with a bed situated in the corner of the room. The bed is covered with a blanket, and there is a chair placed next to it. The room also features a desk with a computer setup, including a computer monitor, keyboard, and mouse. 

The desk is situated near a window, allowing natural light to illuminate the room. The room also features a chair placed near the desk, providing a comfortable seating area for working or studying. The room appears to be a cozy and functional space for both resting and working."
263073,COCO_val2014_000000263073.jpg,2,2,2,0,0,0,0,0,0,0,,,,,"The image captures a thrilling moment of a snowboarder in mid-air, performing a jump off a snowy hill. The snowboarder is in the center of the scene, soaring through the air with their snowboard clearly visible. The snowboarder's body is positioned horizontally, showcasing their skill and control during the jump.

The background features a beautiful blue sky, adding to the excitement of the scene. The snowy hill and the sky create a perfect setting for this snowboarding adventure.","The image captures a thrilling moment of a snowboarder in mid-air, performing a jump on a snow-covered slope. The snowboarder is skillfully riding the snowboard, showcasing their skill and skillfulness. The snowboarder is the main focus of the image, with the snowboard clearly visible beneath them.

The image also captures the snowboarder's shadow on the snow, adding depth and dimension to the image. The snowboarder's shadow can be seen on the snow, indicating the direction they are facing and the direction they are moving. The image"
26363,COCO_val2014_000000026363.jpg,2,3,2,0,1,0,0,0,0,0,,umbrella,,,"The image features a group of people riding on the backs of several elephants. The elephants are carrying the riders in a line, with some people sitting on the elephants' backs and others standing on their sides. The riders are enjoying their unique experience, and the elephants are walking together in a grassy area.

There are a total of five elephants in the scene, with some of them carrying more people than others. The riders are spread out across the elephants, with some closer to the front and others further back. The scene captures the","The image features a group of people riding on the backs of several elephants, with each elephant carrying a group of people. The elephants are walking down a path, and the people are enjoying their unique experience. The elephants are carrying umbrellas, providing shade for the riders.

There are several people visible in the image, with some riding the elephants and others standing nearby. The elephants are spread out across the scene, with some closer to the foreground and others further in the background. The scene captures the excitement and adventure of"
264420,COCO_val2014_000000264420.jpg,1,1,1,0,0,0,0,0,0,0,,,,,"The image features a large elephant walking down a dirt road in a lush green forest. The elephant is the main focus of the scene, taking up a significant portion of the image. The road appears to be a dirt path, and the elephant is walking on it, possibly exploring the area or searching for food.

The forest surrounding the elephant is filled with trees, creating a serene and natural environment. The presence of the elephant in the wild highlights the beauty and diversity of the natural world.","The image features a large elephant walking down a dirt road in a lush green forest. The elephant is the main focus of the image, taking up a significant portion of the image. The elephant appears to be walking on the dirt road, possibly exploring the area or searching for food.

The forest surrounding the elephant is lush and green, providing a natural habitat for the elephant. The dirt road appears to be a dirt road, possibly a dirt road in a national park or a wildlife reserve. The image captures the beauty of the eleph"
266151,COCO_val2014_000000266151.jpg,5,4,4,1,0,0,0,0,0,0,fire hydrant,,,,"The image features a man standing on a street, holding an umbrella to protect himself from the rain. He is positioned near the center of the scene, with the umbrella covering a significant portion of the image. 

In the background, there is a fire hydrant located on the right side of the street. Additionally, there are two traffic lights visible in the scene, one on the left side and another on the right side of the street. A car can be seen parked on the right side of the street, and a person is standing further back on the right side of the image.","The image features a man standing on a city street, holding an umbrella to protect himself from the rain. He is standing on the side of the road, possibly waiting for a car to pass by. The man is holding the umbrella with one hand while holding an umbrella with the other hand.

There are a few other people in the scene, one of them standing close to the man with the umbrella, and another person further away. A car is parked on the street, and a traffic light is visible in the background. The man with the umbrella appears to be the main focus"
267224,COCO_val2014_000000267224.jpg,3,2,2,1,0,1,1,0,1,0,person,,,,"The image features a blue Ford truck driving down a street, passing by a traffic light. The truck is positioned in the middle of the scene, with the traffic light visible on the right side of the truck. There are two other traffic lights in the background, one on the left side and another further back on the right side.

In addition to the truck, there are two other cars in the scene, one located on the left side of the truck and the other further back on the right side. A person can be seen standing near the right edge of the image, possibly waiting to cross the street","The image features a blue Ford truck driving down a street, with a blue Ford truck cab driving down the street. The truck is driving past a traffic light, which is currently green. The truck is positioned in the middle of the street, and the truck cab is driving in front of the truck cab.

There are several traffic lights in the scene, with one located near the truck and two others further down the street. Additionally, there are two traffic lights on the right side of the street. The street appears to be a busy street with traffic lights and traffic lights controlling the flow of"
268390,COCO_val2014_000000268390.jpg,1,0,0,1,0,2,1,1,1,0,cup,,knife,,"The image features a kitchen counter with a variety of appliances and items. A blender is prominently placed on the counter, along with a food processor and a mixer. There are also two knives, one located near the blender and the other closer to the food processor. 

In addition to the appliances, there are several bowls scattered across the counter. One bowl is placed near the blender, while another is located closer to the food processor. Two more bowls can be found on the right side of the counter. A cup is also present on the counter, positioned near","The image features a kitchen counter with a variety of kitchen appliances and utensils. A blender is prominently placed on the counter, along with a blender container and a blender container lid. A blender container lid is also present on the counter. 

In addition to the blender, there is a blender container lid, a blender container lid lid, and a blender container lid lid on the counter. A blender container lid lid lid is also present on the counter. A blender container lid lid lid lid is also present on the counter. A blender container lid lid lid"
268831,COCO_val2014_000000268831.jpg,2,2,2,0,0,1,0,1,0,0,,,bottle,,"The image features a bathroom with a white toilet and a white bathtub. The toilet is located on the left side of the bathroom, while the bathtub is situated on the right side. The bathroom has a checkered floor, adding a unique touch to the space.

There are two sinks in the bathroom, one located near the toilet and the other closer to the bathtub. Above the toilet, there is a window that allows natural light to enter the room. Additionally, there is a bottle placed on the floor, possibly containing a bath","The image features a bathroom with a white bathtub and a white toilet. The bathtub is located on the right side of the bathroom, while the toilet is situated on the left side. The bathroom features a checkered floor, adding a unique touch to the bathroom's design.

In addition to the main fixtures, there are two sinks in the bathroom, one located near the toilet and the other closer to the bathtub. A toilet brush is also present in the bathroom, placed near the toilet. The bath"
269037,COCO_val2014_000000269037.jpg,2,2,2,0,0,0,0,0,0,0,,,,,"The image features a group of people gathered around a large blue water slide, likely at a water park. Some of the people are standing on the slide, while others are watching and waiting for their turn. There are at least 12 people in the scene, with some standing closer to the water slide and others further away.

A few umbrellas can be seen in the scene, with one located near the left side of the image and another towards the right side. The umbrellas are likely being used to shield the people from the sun or rain. The overall atmosphere appears to be lively and fun,","The image features a group of people gathered around a large blue wave pool, likely at a water park. There are several people standing around the pool, watching and enjoying the spectacle. Some of the people are holding umbrellas, possibly to shield themselves from the sun or rain.

In the image, there are at least 12 people visible, with some standing closer to the pool and others further away. The umbrellas are scattered throughout the scene, with at least 5 umbrellas visible in the image. The people are engaged in various activities, such as watching the wave pool or eng"
269280,COCO_val2014_000000269280.jpg,2,2,2,0,0,1,2,0,1,1,,,,potted plant,"The image features a man wearing a hat and a white shirt, sitting down and looking at a piece of paper. He appears to be focused on the task at hand, possibly reading or writing something. The man is also wearing a tie, which adds a formal touch to his attire.

The scene takes place outdoors, with a bench visible in the background. The man is seated on the bench, and the paper he is looking at is placed on the bench as well.","The image features a man wearing a hat and a tie, sitting down and looking at a piece of paper. He appears to be focused on the paper, possibly reading or working on a task. The man is dressed in a white shirt and tie, giving him a formal appearance.

The man is seated on a bench, which is located in a park-like setting. The park features a grassy area and a potted plant nearby, adding to the pleasant atmosphere of the scene."
269450,COCO_val2014_000000269450.jpg,4,5,4,0,1,1,0,1,0,0,,knife,bowl,,"The image features a dining table with a white plate containing a delicious pizza. The pizza is cut into slices and has a generous amount of cheese and meat toppings. There are several pieces of pizza on the plate, making it a hearty meal.

In addition to the pizza, there are a few other items on the table. A wine glass is placed on the left side of the table, and a fork can be seen on the right side. There are also two bowls, one located near the top left corner and the other at the top right corner of the table.","The image features a dining table with a white plate containing a delicious pizza. The pizza is cut into slices and has a variety of toppings, including cheese and ham. The pizza is placed on a white plate, which is placed on the table.

The table setting also includes a wine glass, a fork, and a knife, indicating that the meal is ready to be enjoyed. The table is set in a dining area, and the table itself is quite large, occupying most of the image."
270215,COCO_val2014_000000270215.jpg,2,2,2,0,0,1,1,1,0,1,,,backpack,bowl,"The image features a man riding a skateboard at a skate park, performing a trick on the edge of a pool. He is skillfully balancing on the skateboard while sliding down the side of the pool. 

There are several other people in the background, possibly watching the skateboarder or waiting for their turn to perform tricks. A few of them are standing near the edge of the pool, while others are scattered around the skate park. Additionally, there is a backpack placed on the ground near the edge of the pool, possibly belonging to one of the skateboarders","The image features a man riding a skateboard at a skate park, skillfully riding the edge of a pool or a cement bowl. He is wearing a helmet for safety while performing his skateboarding stunt. The skate park features a cement bowl, which is a popular feature in skate parks, allowing skateboarders to perform various tricks and stunts.

There are several other people in the skate park, some of them watching the skateboarder or engaging in their own skateboarding activities. The skate park is"
270556,COCO_val2014_000000270556.jpg,2,2,1,1,1,0,0,0,0,0,clock,truck,,,"The image depicts a bustling cityscape with a large number of cars driving down a busy street. The street is lined with tall buildings, including a clock tower and a castle-like structure. The clock tower stands tall in the background, while the castle-like structure is situated closer to the foreground.

There are numerous cars of various sizes and colors, with some positioned closer to the foreground and others further back in the scene. The street is filled with traffic, indicating a busy day in the city. The overall atmosphere of the image is that of a vibrant urban environment.","The image depicts a bustling cityscape with a large cityscape in the background, featuring a mix of old and new architecture. The cityscape features a large cathedral, a castle, and a castle-like building, all contributing to the city's historical charm.

The cityscape is bustling with activity, as evidenced by the numerous cars and trucks driving through the city. The cars are scattered throughout the scene, with some cars driving on the streets and others parked or waiting in traffic. The trucks are also dispersed throughout the scene,"
278032,COCO_val2014_000000278032.jpg,1,1,1,0,0,2,1,1,1,0,,,bench,,"The image features a red and yellow train parked at a train station. The train is positioned on the tracks, occupying a significant portion of the scene. The train station has a platform, where passengers can board or disembark the train.

There are several people visible in the image, some of them standing near the train, while others are scattered around the platform. A bench can be seen on the platform, providing a place for passengers to sit and wait for their train.","The image features a red and yellow train parked at a train station. The train is positioned on the tracks, occupying a significant portion of the image. The train is a passenger train, and it appears to be a commuter train, as it is parked at a train station.

There are several people visible in the image, likely waiting for the train or walking around the station. Some of them are closer to the train, while others are scattered around the station. The presence of people suggests that the train station is a busy and active transportation hub."
278582,COCO_val2014_000000278582.jpg,2,2,2,0,0,0,0,0,0,0,,,,,"The image captures a lively scene where a crowd of people is gathered around a person taking a picture with a cell phone. The person holding the cell phone is in the center of the scene, surrounded by the crowd. The crowd consists of various individuals, some standing closer to the person taking the picture, while others are further away.

The cell phone is prominently visible in the person's hand, and the image appears to be a close-up of the person taking the picture. The atmosphere seems to be joyful and social, as everyone is engaged in the moment.","The image captures a lively scene where a crowd of people is gathered, and a person is taking a picture with their cell phone. The person holding the cell phone is in the foreground, capturing the moment. The crowd consists of various people, some standing closer to the camera and others further away, all engaged in the event.

The cell phone is being held up high, capturing the attention of the crowd as the person takes the picture. The cell phone is positioned in the middle of the scene, capturing the essence of the event. The crowd appears to be enjoying the event, and the"
27935,COCO_val2014_000000027935.jpg,1,1,1,0,0,1,0,1,0,0,,,orange,,"The image features a window sill filled with various vases containing different types of flowers. There are three vases in total, each holding a unique assortment of flowers. The vases are placed close to each other, creating a visually appealing display.

The flowers in the vases come in a variety of colors, including yellow, orange, and red. Some of the flowers are larger, while others are smaller, adding to the diversity of the arrangement. The combination of different flowers and vases creates a vibrant and lively scene.","The image features a window sill filled with various vases containing a variety of flowers. There are three vases in total, each containing different types of flowers. The vases are placed on a window sill, allowing the flowers to receive natural light and sunlight.

The flowers in the vases are arranged in a visually appealing manner, creating a beautiful and colorful display. The vases are placed close to the window, allowing the flowers to receive the necessary sunlight for their growth and beauty."
27982,COCO_val2014_000000027982.jpg,2,2,2,0,0,2,3,0,2,1,,,,vase,"The image features a small bathroom with a white toilet positioned next to a sink. The toilet is situated on the left side of the bathroom, while the sink is located on the right side. The sink is accompanied by a mirror above it.

In addition to the toilet and sink, there are several bottles scattered around the bathroom. Some of these bottles are placed near the sink, while others are located closer to the toilet. The bathroom also has a potted plant, which is placed near the sink, adding a touch of greenery to the space.","The image features a small bathroom with a white toilet positioned in the corner of the room. The toilet is situated next to a stone countertop, which also serves as a sink. The bathroom features a tiled floor and a tiled wall, giving it a clean and modern appearance.

In addition to the toilet and sink, the bathroom features a few decorative elements. There is a potted plant placed on the countertop, and a vase can be seen on the countertop as well. A bottle is also visible on the countertop, possibly containing a bathroom"
279994,COCO_val2014_000000279994.jpg,2,2,2,0,0,0,0,0,0,0,,,,,"The image features a black and white dog sitting on a couch, resting its head on a pillow. The dog appears to be looking at the camera, possibly posing for a picture. The couch is covered with a blanket, providing a cozy and comfortable environment for the dog.","The image features a black and white dog sitting on a couch, resting its head on a couch cushion. The dog appears to be relaxed and comfortable in its environment. The couch is covered with a blanket, providing a cozy and comfortable space for the dog to rest."
280710,COCO_val2014_000000280710.jpg,2,3,2,0,1,1,0,1,0,0,,bus,car,,"The image depicts a busy city street with a red double-decker bus driving down the road. The bus is surrounded by several people walking on the sidewalk, some of them carrying handbags. There are at least nine people visible in the scene, with some walking closer to the bus and others further away.

In addition to the bus, there are two cars on the street, one positioned behind the bus and another one further down the road. The scene captures the hustle and bustle of a typical day in a city, with people going about their daily routines.","The image depicts a busy city street with a red double-decker bus driving down the street, surrounded by tall buildings. The bus is surrounded by several people walking on the sidewalk, some of whom are carrying handbags. There are at least 12 people visible in the scene, with some walking closer to the bus and others further away.

In addition to the bus, there are two other buses visible in the scene, one located near the center of the image and the other towards the left side of the image. The presence of multiple buses and people walking on the sidewalk suggests a b"
284286,COCO_val2014_000000284286.jpg,3,2,2,1,0,0,0,0,0,0,handbag,,,,"The image depicts a group of children standing together under a large umbrella, likely in a public area such as a mall or a busy street. There are at least six children in the scene, with some standing closer to the umbrella and others further away. They appear to be enjoying their time together, possibly waiting for someone or simply taking a break from shopping.

In the background, there are a few other people walking around, some carrying handbags. The presence of the umbrella suggests that it might be raining or that the children are using it as a shade from the","The image depicts a group of children standing together under a large umbrella, likely to protect themselves from rain or sun. The children are gathered together, with some of them holding umbrellas as well. There are a total of five umbrellas in the scene, with one large umbrella covering the majority of the group and four smaller umbrellas held by the children.

The children are standing in a line, with some of them closer to the umbrella and others further away. The group consists of at least six children, with some of them standing closer to the umbrella"
286322,COCO_val2014_000000286322.jpg,7,7,6,1,1,2,0,2,0,0,cell phone,wine glass,knife; sandwich,,"The image features a dining table with a bowl of cereal placed in the center, accompanied by a glass of wine. The table is set with various utensils, including a fork, knife, and spoon, as well as a cup. There are also two bottles on the table, one near the top left corner and the other near the top right corner.

In addition to the main dish, there are two sandwiches on the table, one near the top left corner and the other near the top right corner. A cell phone can be seen on the table, possibly belonging to one","The image features a dining table with a wooden surface, set for a meal. On the table, there is a bowl filled with a delicious-looking dish, possibly oatmeal or porridge, accompanied by a spoon. The table is also adorned with a wine glass, a wine bottle, and a wine glass filled with wine. 

In addition to the main dish, there are other dishes on the table, including a bowl of soup and a bowl of soup with a spoon. A cup is also present on the table, along with a fork and"
286606,COCO_val2014_000000286606.jpg,2,2,2,0,0,0,0,0,0,0,,,,,"The image features a young girl wearing a yellow dress, standing in a grassy field and holding a yellow frisbee. She appears to be enjoying her time outdoors, possibly playing with the frisbee. The girl is positioned towards the center of the scene, with the frisbee held in her hand.

In the background, there is a person standing on the right side of the image, possibly watching the girl play or accompanying her. The scene is set in a lush green field, providing a perfect environment for outdoor activities.","The image features a young girl wearing a yellow dress, standing in a grassy field and holding a yellow frisbee. She appears to be enjoying her time outdoors, possibly playing with the frisbee. The girl is the main focus of the image, with the frisbee held in her hand.

In the background, there is a person standing further back, possibly observing the girl or waiting for their turn to play. The scene is set in a grassy field, providing an open space for the girl to enjoy her frisbee activity."
291380,COCO_val2014_000000291380.jpg,3,3,3,0,0,3,1,2,1,0,,,handbag; potted plant,,"The image features a man sitting on a bench outside, holding a television set in his lap. He appears to be enjoying his time outdoors while watching the TV. The bench is located near a sidewalk, and there are several potted plants placed around the area, adding a touch of greenery to the scene.

In the background, there is a car parked, and a handbag can be seen placed on the ground near the bench. The man seems to be the only person in the scene, making it a peaceful and relaxing moment.","The image features a man sitting on a bench outside, holding a television set. He is sitting on a bench that is placed on the sidewalk. The man appears to be enjoying his time, possibly watching television or simply relaxing.

The scene also features a car parked nearby, with a person standing near the car. The car is parked on the side of the road, and the person is standing close to the car, possibly attending to the car or waiting for someone."
292188,COCO_val2014_000000292188.jpg,2,2,2,0,0,0,0,0,0,0,,,,,"The image features a man driving a four-wheeler, which is a small utility vehicle, with a dog sitting in the back. The man is wearing sunglasses and appears to be enjoying the ride. The dog is comfortably sitting in the back of the vehicle, likely accompanying the man on his journey.

The four-wheeler is parked on a grassy area, and the man is steering it skillfully. The scene captures a moment of bonding between the man and his dog, as they share a ride together.","The image features a man driving a four-wheeler, which is a type of all-terrain vehicle, with a dog sitting in the back. The man is wearing sunglasses and appears to be enjoying the ride. The dog is sitting in the back of the four-wheeler, likely enjoying the ride as well.

The four-wheeler is a four-wheeled vehicle with a large tire, and it is designed for off-road use. The man is driving the four-wheeler on a dirt road, and the dog is comfortably"
292206,COCO_val2014_000000292206.jpg,3,2,2,1,0,1,1,1,0,1,backpack,,car,chair,"The image features a woman standing on a suitcase, which is placed on a city street. She appears to be a performer or a street artist, drawing attention from the crowd. There are several people surrounding her, with some standing closer to the woman and others further away.

In the background, there are two cars parked on the street, one on the left side and the other on the right side of the scene. A backpack can be seen placed on the ground near the right side of the image. The overall atmosphere suggests a lively and engaging street performance.","The image features a woman standing on a suitcase, pulling it along a busy street. She is wearing a blue dress and appears to be a performer or a street performer. The woman is surrounded by a crowd of people, some of whom are standing and others are sitting on chairs. 

There are several chairs scattered throughout the scene, with some chairs placed near the crowd and others placed further away. A few chairs are also placed near the street performer, providing seating for the audience. The street is bustling with activity, and the woman's performance seems to be capturing"
293022,COCO_val2014_000000293022.jpg,1,1,1,0,0,0,0,0,0,0,,,,,"The image features a collection of artwork displayed on a sidewalk near a wooden fence. There are several paintings and posters arranged in a row, with some of them leaning against the fence. The artwork includes a mix of paintings and posters, creating an interesting and diverse display.

In addition to the artwork, there is a stop sign visible in the scene, located near the center of the image. The presence of the stop sign suggests that the artwork is displayed in an urban setting, possibly in a public area or near a street.","The image features a collection of artwork displayed on a sidewalk, with a stop sign in the center. The artwork consists of various paintings and posters, some of which are placed on the ground, while others are leaning against a wooden fence. The artwork is displayed in a casual and casual manner, creating an interesting and visually appealing display.

The scene is set in a garden, with a fence and a fence post visible in the background. The artwork is displayed in a way that it can be easily seen and appreciated by passersby, making it an engaging"
293804,COCO_val2014_000000293804.jpg,4,2,2,2,0,3,0,3,0,0,chair; vase,,clock; remote; tv,,"The image features a cozy living room with a fireplace as the focal point. The fireplace is surrounded by brown leather furniture, including a couch and a chair. A potted plant is placed near the fireplace, adding a touch of greenery to the room. 

In addition to the main furniture, there are a few decorative items in the room. A vase is located on a surface, and a clock hangs on the wall. A remote control can also be seen, likely for operating the television or other electronic devices in the room.","The image features a cozy living room with a fireplace as the focal point. The fireplace is surrounded by a brick wall, adding a warm and inviting atmosphere to the room. The living room is furnished with two couches, one on the left side and another on the right side of the room. 

In addition to the couches, there are two couches in the room, one on the left side and another on the right side of the room. A potted plant is placed near the fireplace, adding a touch of greenery to the room. A potted plant is"
296224,COCO_val2014_000000296224.jpg,1,2,1,0,1,0,1,0,0,1,,person,,stop sign,"The image features a large white bus parked on the side of a street. The bus is parked near a fence, and there is a tree in the background. The bus is likely a public transit vehicle, as it is parked on the side of the road.

In addition to the bus, there are a few cars visible in the scene. One car is parked behind the bus, while another car is located further down the street. The presence of these vehicles suggests that the bus is in a busy urban area.","The image features a white and white bus parked on the side of a street. The bus is a large city bus, and it is parked on the side of the road, possibly waiting for passengers. The bus is parked near a bus stop, and there is a bus stop sign visible in the scene.

In the image, there are also a few cars parked or passing by on the street. One car is parked behind the bus, while another car is parked further away on the right side of the image. Additionally, there is a car parked on the left side of the image, and another"
296907,COCO_val2014_000000296907.jpg,3,3,3,0,0,2,1,1,1,0,,,couch,,"The image features a small orange cat wearing a Santa hat, sitting on a person's lap. The cat appears to be sleepy and is wearing a red bow around its neck. The person is sitting on a couch, with the cat comfortably resting on their lap. The scene is cozy and warm, capturing the festive spirit of the holiday season.","The image features a small orange cat wearing a Santa hat, sitting on a person's lap. The cat appears to be sleepy and is wearing a red bow around its neck. The cat is positioned in the center of the image, with the person's lap occupying the majority of the image. The person's lap is located on the left side of the image, and the cat is comfortably resting on their lap."
297676,COCO_val2014_000000297676.jpg,3,3,3,0,0,0,0,0,0,0,,,,,"The image captures a baseball game in progress, with a pitcher in the center of the scene, winding up to throw the ball. He is wearing a baseball glove and is in the process of pitching the ball. Another player is visible in the background, likely a teammate or an opponent.

The scene takes place on a baseball field, with a baseball glove and a sports ball present in the foreground. The field is surrounded by a grassy area, and the atmosphere is lively as the players engage in the game.","The image captures a baseball game in progress, with a pitcher in the middle of throwing a pitch. The pitcher is wearing a baseball glove and is in the process of throwing the ball. The pitcher is standing on a mound, which is a raised area in the center of the baseball field.

There are two other people in the image, one of them is a baseball player, and the other is a baseball player wearing a baseball glove. The baseball player with the glove is likely the catcher, positioned behind the pitcher to catch the pitch. The other player is likely a"
298137,COCO_val2014_000000298137.jpg,1,1,1,0,0,0,0,0,0,0,,,,,"The image features a large airplane flying high in the sky above a tall building. The airplane is positioned towards the left side of the scene, while the building stretches across the background. The scene captures the impressive height of the airplane as it soars above the cityscape.","The image features a large airplane flying high in the sky above a tall building. The airplane is positioned towards the left side of the image, while the building is located towards the center of the image. The airplane appears to be flying close to the building, creating an interesting perspective of the two structures."
299573,COCO_val2014_000000299573.jpg,1,1,1,0,0,0,0,0,0,0,,,,,"The image features two giraffes standing in a grassy field, with one giraffe positioned slightly behind the other. They are both facing the same direction, possibly looking at something in the distance. The giraffes are standing close to each other, creating a sense of companionship.

The field is filled with tall grass, providing a natural habitat for the giraffes. The scene captures the beauty of these majestic animals in their natural environment.","The image features two giraffes standing in a grassy field, surrounded by a lush green field. The giraffes are positioned close to each other, with one giraffe standing slightly behind the other. The giraffes are facing opposite directions, possibly keeping an eye on their surroundings.

The giraffes are the main focus of the image, and their presence in the field creates a sense of tranquility and natural beauty."
300725,COCO_val2014_000000300725.jpg,2,2,2,0,0,0,0,0,0,0,,,,,"The image features a pigeon perched on a wooden bench, sitting on the back of the bench. The bench is located near a window, providing a view of the outside. The pigeon appears to be looking at the camera, capturing the viewer's attention. The bench is situated in a park, creating a peaceful and relaxing atmosphere.","The image features a pigeon perched on a wooden bench, sitting on a wooden slat. The pigeon is looking to its left, possibly observing its surroundings or looking for food. The bench is located near a wooden fence, which adds to the outdoor setting of the scene."
301494,COCO_val2014_000000301494.jpg,3,3,3,0,0,0,1,0,0,1,,,,dining table,"The image features a delicious chocolate cake with a toy car and a toy truck on top of it. The toy car is positioned in the middle of the cake, while the toy truck is located towards the right side of the cake. The cake appears to be a birthday cake, and the toy vehicles add a playful touch to the presentation.","The image features a chocolate cake with a cake topper of a car crash scene. The cake is decorated to resemble a car crash scene, complete with a car, a truck, and a truck toy. The cake is placed on a dining table, and the cake topper is positioned on top of the cake, creating a realistic and intriguing scene. The cake topper is designed to resemble a car crash, making it an interesting and unique cake decoration."
302318,COCO_val2014_000000302318.jpg,3,2,2,1,0,1,0,1,0,0,car,,handbag,,"The image depicts a lively scene of people walking along a sidewalk near a river. There are several individuals scattered throughout the scene, some closer to the water and others further away. A few people are walking with strollers, while others are carrying handbags.

The river is filled with birds, with at least 12 birds visible in the water, adding to the serene atmosphere. The sidewalk is lined with parked cars, with a total of 13 cars visible in the scene. The combination of people, birds, and cars creates a bustling and picturesque environment.","The image depicts a lively scene of people enjoying a day outdoors near a river. A group of people is gathered on a sidewalk, with some of them pushing strollers and others walking. There are several people standing near the river, enjoying the view and the peaceful atmosphere.

In the background, a bridge can be seen, and the river is filled with birds, creating a lively atmosphere. The scene is bustling with activity, as people engage in various activities, such as walking, pushing strollers, and enjoying the view.

The area is also filled with"
303994,COCO_val2014_000000303994.jpg,2,2,2,0,0,0,0,0,0,0,,,,,"The image features a vase filled with red flowers placed on a windowsill. The vase is positioned near the center of the scene, and the flowers are arranged in a visually appealing manner. The windowsill is made of wood, and the vase is sitting on top of it.

In addition to the vase, there is a clock on the windowsill, located towards the right side of the scene. The clock is positioned in front of the vase, adding a touch of elegance to the overall composition.","The image features a vase filled with red flowers placed on a windowsill. The vase is positioned near a window, allowing the flowers to receive natural light. The vase is a tall, slender vase, and the flowers are arranged in a vase that is taller than the vase itself. 

In addition to the vase and flowers, there is a clock on the windowsill, providing a sense of time and adding a decorative touch to the scene. The combination of the vase, flowers, and clock creates a cozy and inviting atmosphere in the room."
306636,COCO_val2014_000000306636.jpg,2,2,2,0,0,0,1,0,0,1,,,,tennis racket,"The image features a young girl standing on a tennis court, holding a yellow frisbee in her hand. She appears to be enjoying her time outdoors, possibly playing a game of frisbee with friends or family. The tennis court is surrounded by a chain-link fence, which adds to the overall atmosphere of the scene.","The image features a young girl wearing a yellow jacket, standing on a tennis court and holding a yellow frisbee. She appears to be enjoying her time on the court, possibly playing a game of frisbee or preparing to play tennis. The tennis court is surrounded by a tennis net, and there is a tennis racket visible in the scene. The girl appears to be the main focus of the image, capturing the essence of a fun and active outdoor activity."
308295,COCO_val2014_000000308295.jpg,4,3,2,2,1,2,0,2,0,0,chair; dining table,tv,keyboard; mouse,,"The image depicts a group of people gathered in a room, watching a projected image on a large screen. There are at least five people in the scene, with some standing closer to the screen and others further away. One person is holding a laptop, which is placed on a surface in the room.

The room appears to be a workspace, as there are several chairs and a dining table. A keyboard and a mouse can also be seen on the table, suggesting that the people in the room might be working or collaborating on a project. The overall atmosphere seems to be focused and engaged, as the","The image depicts a group of people gathered in a room, with a large TV screen mounted on the wall. The TV screen is displaying a colorful image, possibly a video or presentation. The people in the room are gathered around the TV, watching the screen intently.

There are at least five people visible in the room, with some standing closer to the TV and others further away. A laptop is also present in the room, placed on a surface near the TV. The room appears to be a casual gathering or meeting space, with the TV screen serving as the focal point for the group's"
308358,COCO_val2014_000000308358.jpg,4,4,3,1,1,0,0,0,0,0,car,backpack,,,"The image depicts a busy street scene with a large group of people walking down the sidewalk. Many of them are carrying handbags, and some are riding bicycles. There are at least six bicycles visible in the scene, with some riders navigating through the crowd.

In addition to the people and bicycles, there are several cars parked or driving along the street. A few cars can be seen in the background, while others are closer to the foreground. The street is bustling with activity, and it appears to be a lively urban environment.","The image depicts a busy street scene with a large group of people walking down the street, some of them carrying bicycles. There are several people walking and talking, while others are walking with their bicycles. The bicycles are scattered throughout the scene, with some bicycles being carried by people and others parked on the side of the street.

In addition to the people and bicycles, there are several bicycles parked or parked on the side of the street. Some people are carrying handbags, and a few people are carrying backpacks. The scene is b"
308555,COCO_val2014_000000308555.jpg,2,2,2,0,0,2,0,2,0,0,,,person; refrigerator,,"The image features a large commercial kitchen with a variety of stainless steel appliances. There are two ovens prominently displayed, one on the left side and the other on the right side of the kitchen. Above the ovens, there are numerous pizzas stacked on top of each other, showcasing a variety of sizes and toppings.

In addition to the ovens, there is a refrigerator located towards the right side of the kitchen. A person can be seen in the background, possibly working in the kitchen or preparing the pizzas. The overall scene gives off","The image features a large commercial kitchen with a commercial stove and two commercial ovens. The ovens are filled with pizza boxes, indicating that they are being used for pizza preparation. The ovens are placed side by side, with one oven being larger than the other.

There are numerous pizza boxes in the ovens, indicating that they are being used for pizza preparation. The pizza boxes are stacked in the ovens, filling the available space. The kitchen appears to be well-equipped for pizza production, with the ovens and stove providing the necessary equipment for p"
309424,COCO_val2014_000000309424.jpg,7,5,5,2,0,2,1,1,1,0,handbag; tv,,person,,"The image features a room with a desk and a chair. On the desk, there is a computer setup with a keyboard and a mouse. A large black suitcase is placed on top of the chair, covering most of its surface. The suitcase appears to be a briefcase, and it is positioned in such a way that it covers the chair's backrest.

In addition to the main desk setup, there are two TVs in the room, one on the left side and another on the right side. A person can be seen in the background, possibly working or observing the room.","The image features a room with a desk and a chair. On the desk, there is a computer setup with a keyboard and a mouse. A chair is positioned in front of the desk, ready for someone to sit and use the computer. 

In the room, there is a large suitcase placed on top of the chair, occupying a significant portion of the chair's space. The suitcase appears to be a piece of luggage, possibly indicating that someone is either preparing for a trip or has recently returned from one."
309940,COCO_val2014_000000309940.jpg,2,2,2,0,0,1,1,0,1,0,,,,,"The image features a young man wearing a baseball uniform, standing on a grassy field. He is positioned in a ready stance, holding a baseball glove in his hand. The young man appears to be a baseball player, possibly waiting for the ball to be thrown or preparing to catch it.

The scene is set in a park, with a fence visible in the background. The young man is the main focus of the image, showcasing his athleticism and dedication to the sport.","The image features a young man wearing a baseball uniform, crouching down on a grassy field. He is holding a baseball glove, ready to catch the ball. The young man appears to be a baseball player, possibly a catcher, as he is wearing a baseball glove and is in a ready position. The scene captures the excitement and anticipation of a baseball game."
312103,COCO_val2014_000000312103.jpg,3,3,3,0,0,3,2,1,2,0,,,bottle,,"The image features a man wearing a red tank top and glasses, sitting at a dining table and enjoying a hot dog. He is smiling and appears to be having a good time. The table is surrounded by several chairs, with one on the left side of the man and another on the right.

In the background, there are other people present, with one person standing near the right edge of the image and another person sitting further back. A car can be seen in the background, parked on the right side of the scene. Additionally, there are two bottles placed on the table, one near","The image features a man wearing a red tank top and glasses, sitting at a dining table and enjoying a hot dog. He is smiling and appears to be enjoying his meal. The man is seated at a dining table with a dining table in the background.

There are several other people in the scene, some of them sitting at other dining tables, while others are standing or walking around. A few chairs are also visible in the scene, with one near the man in the red tank top and another near another dining table.

In the background, there are cars"
313811,COCO_val2014_000000313811.jpg,2,2,2,0,0,0,0,0,0,0,,,,,"The image features a baby lying on a bed, wearing a white blanket. The baby is looking at the camera with a curious expression, possibly smiling. The baby's head is turned to the side, and the baby appears to be looking directly at the viewer. The bed is covered with a red blanket, adding a pop of color to the scene.","The image features a baby lying on a bed, wearing a white blanket. The baby is looking at the camera with a curious expression, possibly smiling. The baby is lying on a bed with a red blanket, which adds a pop of color to the scene. The baby's gaze is directed towards the camera, capturing the viewer's attention."
314515,COCO_val2014_000000314515.jpg,4,4,4,0,0,0,0,0,0,0,,,,,"The image depicts a group of people standing on a wet street, with a car parked nearby. The car is covered in bicycles, indicating that it is likely being used for transporting them. There are several bicycles attached to the car, with some placed on the roof and others on the back.

In addition to the car, there are multiple bicycles scattered throughout the scene, with some closer to the people and others further away. The people are standing in various positions, with some standing closer to the car and others further away.

There are also a few umbrellas in","The image depicts a group of people standing on a wet street, with a car parked nearby. The car is covered in bicycles, indicating that it is likely being used for transporting bicycles. The people are gathered around the car, possibly admiring the bicycles or waiting for their turn to use the car.

There are several people in the scene, with some standing closer to the car and others further away. A few people are carrying umbrellas, suggesting that it might be raining or that they are prepared for rain. The presence of umbrellas and the wet street"
315622,COCO_val2014_000000315622.jpg,1,1,1,0,0,2,2,0,2,0,,,,,"The image features a polar bear standing near a body of water, possibly a river or a lake. The bear is reaching for a white object, which appears to be a plastic cup or a bucket, that is floating in the water. The bear seems to be curiously inspecting the object or trying to interact with it.

In the background, there are a few birds scattered around, possibly enjoying the view or searching for food. The scene captures the natural habitat of the polar bear and the interactions it has with its surroundings.","The image features a polar bear standing near a body of water, possibly a river or a riverbank. The polar bear is reaching for a white object, which appears to be a plastic cup or a bucket, that is floating in the water. The polar bear appears to be curiously inspecting the object or trying to interact with it.

In the background, there are a few birds visible, possibly enjoying the water or the surrounding environment. The scene captures the polar bear's curiosity and curiosity towards the floating object."
319024,COCO_val2014_000000319024.jpg,2,2,2,0,0,1,2,0,1,1,,,,bowl,"The image features a young child standing in front of an open refrigerator, looking inside. The child is wearing pink pants and appears to be curious about the contents of the fridge. The refrigerator is filled with various food items, including multiple bottles placed on different shelves. The child seems to be exploring the refrigerator and possibly deciding what to eat or drink.","The image features a young child standing in front of an open refrigerator, reaching into the fridge to grab something. The child is wearing pink pants and pink boots, which are quite unusual for a child's attire. The child appears to be a little girl, and she is reaching into the refrigerator with her pants down, exposing her pink boots.

The refrigerator is filled with various items, including multiple bottles and a bowl. The bottles are placed in different positions within the refrigerator, while the bowl is"
320180,COCO_val2014_000000320180.jpg,3,2,2,1,0,3,1,2,1,0,couch,,chair; clock,,"The image features a woman lying on a bed, with her legs spread open. She is holding a laptop computer in front of her, which is placed on her stomach. The laptop screen is turned on, and the woman appears to be looking at it.

There is another person in the scene, partially visible on the right side of the image. A chair can be seen in the background, and a clock is mounted on the wall above the bed. The room also contains a couch, which is located on the left side of the image.","The image features a woman lying on a bed, wearing a polka dot bikini. She is using a laptop computer, which is placed on her stomach. The laptop is positioned close to her, and she appears to be using it while lying down.

The woman is wearing a bikini, which is a bikini bikini bikini bikini bikini bikini bikini bikini bikini bikini bikini bikini bikini bikini bikini bikini bikini bikini bikini"
321118,COCO_val2014_000000321118.jpg,2,2,2,0,0,0,1,0,0,1,,,,teddy bear,"The image features a laptop computer with two small stuffed animal ears placed on the keyboard. The ears are positioned on either side of the keyboard, creating a playful and whimsical scene. The laptop is open and occupies the majority of the image, with the stuffed animal ears being the main focus.","The image features a laptop computer with two small stuffed animal toys, resembling teddy bears, sitting on top of the keyboard. The laptop is open and turned on, displaying a screen with a video playing on it. The stuffed animals are placed on the keyboard, covering the keyboard keys, and appear to be interacting with the laptop as if they were using it."
322791,COCO_val2014_000000322791.jpg,1,1,1,0,0,0,0,0,0,0,,,,,"The image captures a thrilling moment of a small yellow airplane flying through the sky, leaving a trail of smoke behind it. The airplane is positioned in the middle of the scene, with the smoke extending from its tail. The smoke appears to be a result of the plane's engine, indicating that it is in motion. The scene is set against a backdrop of a cloudy sky, adding to the dramatic atmosphere.","The image captures a thrilling moment of a small yellow airplane flying through the sky, leaving a trail of smoke behind it. The airplane is flying at a low altitude, creating a dramatic visual effect as it flies through the sky. The smoke trail indicates that the airplane is likely performing a stunt or maneuver, adding excitement to the scene."
324155,COCO_val2014_000000324155.jpg,2,2,2,0,0,2,0,2,0,0,,,bicycle; handbag,,"The image captures a lively scene of a young man performing a skateboard trick in the air, surrounded by several other people. The skateboarder is in the center of the scene, with his skateboard visible beneath him. 

There are at least nine other people in the image, some of them standing or walking around, while others are engaged in their own activities. A bicycle can be seen in the background, and a handbag is placed on the ground near the center of the scene. The overall atmosphere appears to be energetic and fun, with everyone enjoying their time outdo","The image captures a skateboarder performing a trick in mid-air, with his skateboard flying through the air as he jumps. The skateboarder is the main focus of the image, and his skateboard is clearly visible in the air.

There are several other people in the image, some of whom are watching the skateboarder perform his trick. They are scattered around the scene, with some standing closer to the skateboarder and others further away. The presence of these onlookers adds to the lively atmosphere of the scene."
324436,COCO_val2014_000000324436.jpg,1,1,1,0,0,0,0,0,0,0,,,,,"The image features a large elephant standing in a grassy field, surrounded by bushes and trees. The elephant is eating leaves from a tree, with its trunk reaching up to the branches. The elephant's trunk is visible in the foreground, while its body occupies the majority of the scene. The field appears to be a natural habitat for the elephant, providing ample space for it to roam and feed.","The image features a large elephant standing in a grassy field, surrounded by bushes and trees. The elephant is eating leaves from a tree, using its trunk to reach the leaves. The elephant is positioned in the middle of the scene, with the elephant's trunk extending towards the tree.

The elephant's trunk is visible in the foreground, while the elephant's body occupies a significant portion of the image. The elephant's trunk is also visible in the background, indicating the elephant's size"
325992,COCO_val2014_000000325992.jpg,6,5,5,1,0,2,2,1,1,1,tv,,mouse,cup,"The image features a desk with a laptop computer sitting on top of it. The laptop is open and appears to be in need of repair, as it has a cracked screen. The desk is also cluttered with various items, including a cell phone, a mouse, and a bottle. 

In addition to the laptop, there are two keyboards on the desk, one in front of the laptop and another to the side. A TV is visible in the background, and a book can be seen placed on the desk. The overall scene suggests a workspace with a focus on technology and organization.","The image features a desk with a laptop computer sitting on top of it. The laptop is open and appears to be in need of repair, as it has a cracked screen. The laptop is placed on a wooden desk, and the desk is surrounded by various items.

There are two keyboards on the desk, one in front of the laptop and another one further away. A cell phone is also present on the desk, along with a cup and a bottle. The desk is surrounded by a few books, with some placed on the desk and others stacked nearby. Additionally, there is"
326317,COCO_val2014_000000326317.jpg,5,4,4,1,0,0,0,0,0,0,truck,,,,"The image features a city street with a parking meter prominently placed on the sidewalk. A bicycle is parked next to the parking meter, and a car is parked nearby. There are several other cars parked along the street, with one car parked further back and another car parked closer to the foreground.

In addition to the vehicles, there are a few people walking along the sidewalk, with one person closer to the left side of the image and two others walking further back. A truck can also be seen parked on the left side of the street.","The image features a city street with a parking meter and a bicycle parked next to it. The parking meter is located on the sidewalk, and the bicycle is parked next to it, with the bicycle's bicycle lock attached to the parking meter. 

There are several cars parked along the street, with one car parked behind the bicycle and bicycle lock, and other cars parked further down the street. Additionally, there are a few people walking along the street, with one person walking near the bicycle and bicycle lock"
326367,COCO_val2014_000000326367.jpg,5,5,5,0,0,1,0,1,0,0,,,knife,,"The image depicts a group of people, including children, gathered around a dining table, enjoying a meal together. The table is filled with various pizzas, and there are multiple cups and a cell phone placed on it. The pizzas are spread across the table, with some closer to the children and others near the adults.

There are several people sitting around the table, with some on the left side, others on the right, and a few in the middle. A knife is also visible on the table, likely used for cutting the pizzas. The atmosphere appears to be","The image depicts a group of people, including children, gathered around a dining table, enjoying a meal together. The table is filled with various pizzas and pizza pans, and there are multiple pizzas on the table, some of which are already cut into slices. 

The people are seated around the table, with some of them holding cell phones, possibly capturing the moment or checking their devices. There are also several cups and cups placed on the table, likely containing drinks for the group. The scene appears to be a casual and enjoyable gather"
329030,COCO_val2014_000000329030.jpg,2,2,2,0,0,4,1,3,1,0,,,bottle; clock; toaster,,"The image depicts a small, dark kitchen with a microwave sitting on top of a brown counter. The microwave is positioned towards the left side of the counter, and a toaster oven is located on the right side. A refrigerator is also present in the kitchen, situated in the middle of the counter.

There is a doorway visible in the background, leading to another room. A clock is mounted on the wall above the microwave, and a bottle can be seen placed on the counter. The overall atmosphere of the kitchen is cozy and inviting.","The image depicts a small, dimly lit kitchen with a wooden cabin. The kitchen features a microwave and a microwave oven placed on a countertop. The microwave is positioned on the left side of the kitchen, while the microwave oven is located on the right side. 

In addition to the microwave and microwave oven, there is a microwave oven on the countertop. The kitchen also features a refrigerator located on the left side of the kitchen, and a microwave oven on the right side. A mic"
329614,COCO_val2014_000000329614.jpg,1,1,1,0,0,2,1,1,1,0,,,traffic light,,"The image depicts a busy city street with a yellow double-decker bus driving down the road. The bus is surrounded by various cars, including a truck, and a few pedestrians can be seen walking along the sidewalk. The street is lined with buildings, creating an urban atmosphere.

There are multiple traffic lights in the scene, ensuring the smooth flow of traffic. One traffic light is located near the center of the image, while another is positioned closer to the right side. A third traffic light is situated near the left edge of the image. The presence of these traffic lights and the","The image depicts a busy city street with a large yellow double-decker bus driving down the street, surrounded by various vehicles. There are multiple cars and a truck on the street, with some cars positioned behind the bus and others scattered throughout the scene. 

In addition to the bus, there are several cars and cars parked along the street. A few cars are parked on the side of the street, while others are parked further down the street. The street is bustling with activity, and the presence of the double-decker bus adds to the urban atmosphere."
331223,COCO_val2014_000000331223.jpg,1,1,1,0,0,1,0,1,0,0,,,truck,,"The image features a red fire hydrant situated next to a construction site. The fire hydrant is positioned on the right side of the scene, while a ladder is placed on the left side. The ladder is leaning against the fire hydrant, creating an interesting visual contrast between the two objects.

In the background, there is a truck parked, likely related to the construction work taking place. The scene captures the essence of a construction site with the presence of the fire hydrant and the ladder.","The image features a red fire hydrant situated next to a construction site. The fire hydrant is situated near a construction site, possibly indicating that the area is undergoing construction or development. The fire hydrant is positioned close to a construction sign, which is placed on a ladder. The ladder is leaning against the sign, providing support for the sign.

The scene also features a construction site with a large yellow machine, possibly a construction vehicle, parked nearby. The presence of the construction sign and the construction vehicle suggests that the area is undergoing construction or development."
331366,COCO_val2014_000000331366.jpg,5,2,2,3,0,0,0,0,0,0,car; truck; umbrella,,,,"The image features a man riding a bicycle with a sidecar attached to it, while a woman stands nearby holding an umbrella. The man is wearing a suit and a hat, giving the scene a vintage feel. The bicycle is positioned in the middle of the scene, with the sidecar attached to it.

In the background, there are several cars parked, and a truck is visible on the right side of the image. Additionally, there are multiple bicycles scattered throughout the scene, with one located near the left edge of the image and another towards the right side","The image features a man riding a bicycle with a bicycle wheel attached to the back of the bike, creating an unusual and eye-catching sight. The man is wearing a suit and a hat, adding to the unusual nature of the scene. The bicycle wheel is attached to the back of the bike, making it appear as if the man is riding a bicycle with a wheel on the back.

In the background, there are several bicycles parked, including a bicycle with a bicycle wheel attached to the back of it. Additionally, there"
332654,COCO_val2014_000000332654.jpg,3,2,2,1,0,1,1,1,0,1,traffic light,,person,truck,"The image features a yellow and blue fire hydrant situated on a sidewalk near a street. The fire hydrant is located close to a street sign, which is mounted on a pole. The street sign is positioned above the fire hydrant, providing directions for drivers and pedestrians.

There are several cars parked along the street, with some closer to the fire hydrant and others further away. Additionally, there are two traffic lights visible in the scene, one near the middle of the image and the other towards the right side.","The image features a yellow and blue fire hydrant situated on the sidewalk near a street. The fire hydrant is located on the sidewalk, close to the curb. The fire hydrant is positioned near a street sign, which is visible in the background.

The street is busy with traffic, as there are multiple cars and a truck visible in the image. The cars are parked or moving along the street, and the truck is located further down the street. The scene captures a typical urban street scene with a fire hydrant and a busy street."
334170,COCO_val2014_000000334170.jpg,2,2,2,0,0,0,0,0,0,0,,,,,"The image features a clean and well-maintained bathroom with white fixtures. The bathroom contains a toilet, a sink, and a bathtub. The toilet is positioned towards the center of the room, while the sink is located on the left side. The bathtub is situated on the right side of the room.

The bathroom is equipped with a mirror above the sink, and a shower curtain is present in the bathtub area. The overall appearance of the bathroom is pristine and ready for use.","The image features a clean and well-maintained bathroom with a white color scheme. The bathroom features a white toilet, a white sink, and a white bathtub. The bathroom is equipped with a toilet paper roll and a toilet paper holder, ensuring that the bathroom is well-stocked and ready for use. The bathroom is also equipped with a toilet paper holder and a toilet paper roll, ensuring that the bathroom is well-stocked and ready for use."
334311,COCO_val2014_000000334311.jpg,1,1,1,0,0,0,1,0,0,1,,,,person,"The image features a red park bench situated on a dirt road, surrounded by trees and bushes. The bench is positioned in the middle of the scene, with a path leading to it. The bench appears to be empty, inviting passersby to sit and enjoy the peaceful surroundings. The dirt road appears to be a part of a park or a nature trail, providing a serene environment for relaxation and contemplation.","The image features a red park bench situated on a dirt road or dirt path, surrounded by trees and bushes. The bench is positioned on the side of the road, providing a place for people to sit and relax. The bench is located near a park, as indicated by the presence of trees and bushes in the background. The bench appears to be empty, inviting passersby to take a break and enjoy the peaceful surroundings."
335340,COCO_val2014_000000335340.jpg,4,3,3,1,0,2,0,2,0,0,handbag,,chair; potted plant,,"The image depicts a busy city street with a man wearing a red tie walking down the sidewalk. He is the main focus of the scene, and he appears to be looking down at something on the ground. There are several other people in the background, some of whom are carrying handbags.

In addition to the pedestrians, there are a few objects scattered throughout the scene. A potted plant can be seen on the left side of the image, and a chair is located near the center. There are also two umbrellas, one on the left side and another on the right side","The image depicts a busy city street with a man wearing a red tie and a brown jacket walking down the street. He is wearing a red tie and a brown jacket, which makes him stand out in the crowd. The man is walking on a cobblestone street, surrounded by a bustling city environment.

There are several other people in the scene, some walking and others standing, creating a lively atmosphere. A few people are carrying umbrellas, indicating that it might be raining or that they are prepared for rain. Additionally, there are a few people carrying handb"
336628,COCO_val2014_000000336628.jpg,3,3,3,0,0,0,0,0,0,0,,,,,"The image features a man dressed in a colorful outfit, standing on the back of a trolley car. He is wearing a top hat and holding a cigar, giving him a unique and eccentric appearance. The trolley car is filled with people, with some sitting and others standing.

There are at least nine people visible in the scene, with some sitting closer to the front of the trolley car and others further back. The man in the colorful outfit stands out among the passengers, drawing attention to his distinctive attire and demeanor.","The image features a man dressed in a colorful outfit, possibly a clown suit, standing on the back of a trolley or trolley car. He is holding a cigar in his mouth and appears to be enjoying his time on the trolley. 

There are several other people in the image, some of whom are sitting on the trolley car, while others are standing or walking around. The trolley car is a trolley car, and the trolley car is a trolley car, and the trolley car is a trolley car,"
337498,COCO_val2014_000000337498.jpg,4,4,4,0,0,2,0,2,0,0,,,bowl; fork,,"The image features a delicious deep dish pizza with a generous amount of cheese and sauce, placed on a white plate. The pizza is cut into slices and is ready to be eaten. The plate is placed on a dining table, which is surrounded by various items.

There are two cups on the table, one near the left edge and the other near the top right corner. A fork can be seen on the right side of the table, and a knife is located near the top right corner. Additionally, there is a bowl situated in the top right corner of the table","The image features a delicious deep dish pizza with a generous amount of cheese and sauce, placed on a white plate. The pizza is served on a dining table, and the pizza slice is cut into four pieces. The pizza slice is placed on a white plate, which is placed on the table.

In addition to the pizza, there are two cups on the table, one located near the top left corner and the other near the top right corner. A knife is also visible on the table, positioned near the top right corner."
338041,COCO_val2014_000000338041.jpg,3,2,2,1,0,0,1,0,0,1,bench,,,bicycle,"The image captures a lively scene at a skate park, where a young man is skillfully riding a skateboard on a ramp. He is performing a trick, possibly a kickflip, as he jumps in the air. 

There are several other people in the park, watching the skateboarder and enjoying the atmosphere. Some of them are standing close to the ramp, while others are scattered around the park. A bench can be seen in the background, providing a place for spectators to sit and watch the action.

In addition to the skateboarder","The image captures a lively scene at a skate park, where a young man is skillfully performing a trick on his skateboard. He is in the middle of a trick, with his skateboard in the air. 

There are several other people in the park, watching the skateboarder and enjoying the skateboarding action. Some of them are standing close to the skateboarder, while others are scattered around the park. In addition to the skateboarder, there are two bicycles in the park, one near the center and the other towards the right side of"
33845,COCO_val2014_000000033845.jpg,7,5,5,2,0,5,2,3,2,0,fork; knife,,cell phone; keyboard; spoon,,"The image depicts a group of people gathered around a dining table, engaged in a fun activity. There are four people in the scene, with two of them sitting on chairs and the other two standing. They are all focused on their laptops, which are placed on the table.

The table is filled with various items, including a bowl, a cup, a fork, a knife, and a spoon. There are also several bottles scattered around the table, along with a keyboard and a cell phone. The scene appears to be a casual gathering where the group is enjoying their","The image depicts a group of people gathered around a dining table, engaged in a game of Dungeons & Dragons. There are five people in the scene, with some sitting and others standing around the table. They are all focused on the game, which is taking place on the table.

The table is filled with various items, including a laptop, a laptop computer, and several cups and bottles. There are also several cups and bottles scattered around the table, as well as a bowl and a cup. The table is surrounded by chairs, with one chair being occupied by a person"
338905,COCO_val2014_000000338905.jpg,8,3,3,5,0,0,0,0,0,0,bowl; cup; motorcycle; sandwich; umbrella,,,,"The image depicts a group of people gathered around a dining table, enjoying a meal together. There are at least nine people in the scene, with some sitting on chairs and others standing around the table. The table is filled with various food items, including sandwiches, bowls, and cups.

The dining area is set up with multiple chairs, some of which are placed around the table, while others are positioned nearby. There are also a few umbrellas providing shade for the guests. In the background, a motorcycle can be seen, adding to the out","The image depicts a group of people gathered around a dining table, enjoying a meal together. There are several people sitting at the table, with some sitting on chairs and others sitting on chairs placed around the table. The table is filled with plates of food, and the guests are enjoying their meal together.

The dining area is set up with multiple chairs and chairs placed around the table. There are also several chairs placed around the dining table, providing ample seating for the guests. The dining table is surrounded by chairs, and the guests are se"
340047,COCO_val2014_000000340047.jpg,3,3,3,0,0,1,1,0,1,0,,,,,"The image features a woman standing outside, holding a pink umbrella with German writing on it. She is positioned in the center of the scene, and the umbrella is open, providing shelter from the elements. 

In the background, there are several cars parked, with one car on the left side, another on the right side, and a third car further back. Additionally, there is a cup placed on the ground near the right edge of the scene.","The image features a woman standing outside, holding a pink umbrella with a pink umbrella cover. The umbrella is open, and the woman is holding it over her head. The umbrella cover is written in German, which suggests that the woman might be from Germany or is familiar with the language.

In the background, there is a car parked nearby, and a cup can be seen placed on a surface nearby. The woman appears to be enjoying her time outdoors, possibly enjoying the weather or taking a break from her daily routine."
340508,COCO_val2014_000000340508.jpg,1,1,1,0,0,0,0,0,0,0,,,,,"The image depicts a group of young men playing a game of basketball on a court. There are at least five players actively participating in the game, with one player in the center of the court holding a basketball. The other players are spread out across the court, some closer to the foreground and others further back.

The basketball court is surrounded by a blue wall, and there are two fire extinguishers visible in the scene, one near the left side and the other near the right side of the court. The players are engaged in the game, showcasing their athletic abilities and team","The image depicts a group of young men playing a game of basketball on a basketball court. There are five players in total, actively engaged in the game. One of the players is in the process of throwing the basketball, while the other players are positioned around the court, ready to react to the play.

The basketball court is surrounded by blue walls, giving the court a distinctive appearance. The players are spread out across the court, with some players closer to the center of the court and others near the edges. The players are actively engaged in the game, showcasing their athletic abilities and"
340594,COCO_val2014_000000340594.jpg,8,7,7,1,0,2,1,1,1,0,potted plant,,bottle,,"The image features a group of five people sitting around a large dining table, enjoying a meal together. They are all smiling and appear to be having a good time. The table is set with various utensils, including forks, knives, and spoons, as well as cups and bowls. There are also several bottles placed on the table, likely containing beverages for the group.

The dining area is furnished with multiple chairs, some of which are occupied by the people in the group. The table is surrounded by potted plants, adding a touch of greenery","The image features a group of five people sitting around a large dining table, enjoying a meal together. They are all smiling and appear to be enjoying their time together. The table is set with various dining utensils, including forks, knives, and spoons, as well as cups and cups.

The table is adorned with a variety of dishes, including bowls, cups, and cups. There are also several cups placed around the table, as well as a few cups on the table. The table is surrounded by chairs, with one"
341006,COCO_val2014_000000341006.jpg,3,3,3,0,0,0,0,0,0,0,,,,,"The image features a black and white dog sitting inside a wire cage, which is placed on the ground. The dog appears to be looking out of the cage, possibly waiting for its owner or observing its surroundings. 

In the cage, there is a bed for the dog to rest on, and a bowl is placed nearby, likely for the dog to eat or drink from. The scene gives the impression of a pet owner taking care of their dog's needs and ensuring its comfort.","The image features a black and white dog sitting inside a wire cage, which is placed on the ground. The dog appears to be in a comfortable position, possibly resting or relaxing. The cage is surrounded by a wire cage, providing a secure environment for the dog.

Inside the cage, there is a bed for the dog to rest on, and a bowl is placed nearby, possibly containing food or water for the dog. The cage is situated on a dirt ground, which adds to the outdoor setting of the scene."
34141,COCO_val2014_000000034141.jpg,1,1,1,0,0,0,0,0,0,0,,,,,"The image features a tall giraffe standing in a grassy field with trees in the background. The giraffe is positioned towards the left side of the image, and its long neck and legs are clearly visible. The field appears to be a mix of grass and dirt, providing a natural habitat for the giraffe.","The image features a giraffe standing in a grassy field with tall grass and trees in the background. The giraffe is positioned in the center of the image, towering over the surrounding environment. The giraffe appears to be walking through the grassy field, possibly exploring its surroundings or searching for food. The giraffe's long neck and legs are clearly visible, showcasing its unique features and size."
342479,COCO_val2014_000000342479.jpg,2,2,2,0,0,4,0,4,0,0,,,book; dining table; person; vase,,"The image features a room with a large clock on the wall, which is positioned above a chair. The chair is placed in the center of the room, and the clock is situated above it. The room also has a dining table, which is located towards the right side of the room.

There are two people in the room, one standing closer to the left side and the other near the right side. A book can be seen on the dining table, and a vase is placed on the table as well. The room appears to be a combination of a living and dining area, with the chair and clock","The image features a room with a large clock on the wall, a chair, and a chair stand. The chair is placed on the stand, and the chair stand is positioned underneath the chair. The chair stand is a chair stand with a chair on it, and the chair stand is a chair stand with a chair on it. The room also features a chair stand with a chair on it, and a chair stand with a chair on it. The room is decorated with a chair stand with a chair on it, and a chair stand with a chair on it. The room is decorated with a chair stand with a"
342819,COCO_val2014_000000342819.jpg,1,1,1,0,0,1,0,1,0,0,,,chair,,"The image features a cozy bedroom with a large bed situated in the center of the room. The bed is adorned with a flowery comforter and has a black headboard. The room is decorated with a few pictures on the walls, adding a personal touch to the space.

In addition to the bed, there is a nightstand on the left side of the room, and a dresser can be seen on the right side. A chair is also present in the room, positioned near the left side of the bed. The room is well-lit, with a ceiling fan providing air circul","The image features a cozy bedroom with a large bed situated in the center of the room. The bed is adorned with a gray comforter and features a floral print. The bedroom features a bedroom set with a bed, a dresser, and a nightstand. The bedroom also features a large window, which allows natural light to fill the room.

The room is decorated with a few pieces of artwork, including a painting on the wall and a painting on the wall above the bed. There are also two pictures on the wall, one above the bed and another above the dresser"
343769,COCO_val2014_000000343769.jpg,2,2,2,0,0,1,1,0,1,0,,,,,"The image features a man wearing a yellow shirt and black shorts, standing on a basketball court and holding a yellow frisbee. He appears to be preparing to throw the frisbee, possibly engaging in a game of frisbee basketball. 

There are several other people in the scene, some of them standing near the edges of the court, while others are scattered around the area. A chair can be seen in the background, possibly for resting or observing the game.","The image features a man wearing a yellow shirt and holding a yellow frisbee in his hand. He is standing on a basketball court, possibly in a gym or an indoor sports facility. The man appears to be preparing to throw the frisbee, possibly engaging in a game of frisbee or playing with friends.

There are several other people in the scene, some of whom are standing around the court, while others are seated on chairs. The chairs are scattered around the court, with some chairs placed closer to the court and others further away. The presence"
344222,COCO_val2014_000000344222.jpg,2,2,2,0,0,0,0,0,0,0,,,,,"The image features a glass jar filled with a mixture of fruits, including blueberries, oranges, and blackberries. The jar is placed on a wooden table, and the fruits are arranged in a visually appealing manner. The blueberries are located at the bottom of the jar, while the oranges are placed on top, and the blackberries are scattered throughout the jar. The combination of these fruits creates a colorful and healthy display.","The image features a glass jar filled with a mixture of fruits, including blueberries, blackberries, and oranges. The jar is placed on a wooden table, and the jar is almost full, indicating that it is a large jar. The jar is filled with a variety of fruits, creating a visually appealing and colorful display. The jar is positioned on the table, ready to be enjoyed or used as a decorative centerpiece."
344314,COCO_val2014_000000344314.jpg,1,1,1,0,0,0,0,0,0,0,,,,,"The image features two zebras standing in a grassy field, with one zebra positioned closer to the left side of the frame and the other zebra on the right side. They are both looking at a sign, which is placed in the foreground. The sign reads ""Please do not feed the animals as it's very harmful to them."" The zebras appear to be curious about the sign and are likely following its instructions.","The image features two zebras standing next to a sign that reads ""Please do not feed the animals as it's very harmful to them."" The zebras are positioned close to the sign, with one zebra standing behind the other. The zebras appear to be curious about the sign and the sign's message.

The zebras are standing in a grassy area, which is a typical habitat for zebras. The sign is placed in the grass, making it easily visible to the zebras and other animals in the area."
34464,COCO_val2014_000000034464.jpg,2,2,2,0,0,0,0,0,0,0,,,,,"The image captures a lively beach scene with several people enjoying their time near the ocean. There are at least five people visible in the scene, with some of them standing on the beach and others in the water. 

Two surfboards can be seen in the scene, one closer to the left side of the image and the other near the center. The surfboards are likely being used by the people in the water, as they are having fun and playing in the ocean. The beach is a popular spot for water activities and relaxation, with people of all ages enjoying the beautiful day.","The image captures a lively beach scene with several people enjoying their time at the beach. There are at least six people visible in the image, with some of them standing on the beach and others in the water. 

Two surfboards can be seen in the image, one near the center of the image and the other closer to the right side of the image. The surfboards are likely being used by the people in the water, enjoying the waves and the beach atmosphere. The beachgoers are spread out across the beach, with some standing closer to the water and others further back on the beach."
345822,COCO_val2014_000000345822.jpg,2,1,1,1,0,1,0,1,0,0,kite,,bench,,"The image features a group of people gathered in a park, with three men standing in the center of the scene. One of the men is holding a video camera, capturing the moment. The other two men are standing close to him, possibly discussing or observing the event.

There are several other people in the background, some of them standing and others sitting on a bench. A kite can be seen in the foreground, adding to the outdoor atmosphere of the scene. The presence of the kite and the people gathered in the park suggest that this could be a kite-flying event or a","The image features a group of people gathered in a field, with three men standing in the foreground and a man filming them. The man filming is holding a camera, capturing the moment. The group of people consists of a mix of men and women, all gathered together in the field.

In the background, there are several American flags, indicating that the gathering might be a patriotic event or a public gathering. The people in the group are engaged in conversation or observing the camera, creating a lively atmosphere."
346759,COCO_val2014_000000346759.jpg,3,2,2,1,0,1,0,1,0,0,person,,car,,"The image features a large red and white airplane parked on the tarmac at an airport. The airplane is positioned in the middle of the scene, with its tail extending towards the right side of the image. 

There are several trucks and vehicles surrounding the airplane, likely providing support and services for the aircraft. Two trucks are located on the left side of the airplane, while another truck is situated on the right side. Additionally, there are two cars parked near the airplane, one on the left and the other on the right side.

A person can","The image features a large red and white airplane parked on the runway at an airport. The airplane is a large passenger jet, and it is surrounded by several trucks and trucks parked around it. Some of the trucks are located near the airplane, while others are parked further away.

In addition to the trucks, there are several trucks parked near the airplane, including a truck on the left side of the airplane, one on the right side, and another on the far right side of the image. There are also two truck"
351463,COCO_val2014_000000351463.jpg,2,2,2,0,0,0,0,0,0,0,,,,,"The image features a man wearing a black jacket and a black hat, holding a baseball bat in his hands. He appears to be standing in front of a fence, possibly preparing to play a game or practice his swing. The man is the main focus of the scene, and his attire and posture suggest that he is an active participant in the sport.","The image features a man wearing a black jacket and a black hat, holding a baseball bat in his hands. He is standing in front of a fence, possibly preparing to play baseball or practice his swing. The man appears to be focused and ready to swing the bat.

The image also features a baseball bat, which is held by the man in the foreground. The fence is visible in the background, and the man appears to be standing in front of it."
352234,COCO_val2014_000000352234.jpg,2,2,2,0,0,1,0,1,0,0,,,dining table,,"The image features a delicious slice of cheese pizza on a white plate, with a fork placed on top of it. The pizza is cut into pieces, making it easy to eat. The plate is placed on a dining table, and the fork is positioned in the middle of the pizza, ready to be used. The pizza appears to be a personal-sized pizza, perfect for enjoying a meal.","The image features a delicious slice of cheese pizza on a white plate, with a fork placed on the plate, ready to be eaten. The pizza slice is placed on a white plate, and the fork is positioned on the plate, ready to be used. The pizza slice appears to be a slice of pizza with cheese and tomato sauce, making it a delicious and appetizing meal."
356424,COCO_val2014_000000356424.jpg,5,3,3,2,0,2,0,2,0,0,car; cup,,clock; potted plant,,"The image features a man sitting at a dining table in a restaurant, enjoying a meal. He is smiling and appears to be in a relaxed and happy mood. The table is set with various items, including a plate of food, a cup of water, and a glass of juice. 

There are other people in the scene, with one person sitting across from the man and another person sitting further back. A chair is visible near the table, and a car can be seen in the background. The restaurant setting includes a potted plant and a clock on the wall.","The image features a man sitting at a dining table in a restaurant, enjoying a meal. He is seated at the table with a plate of food in front of him, which includes a plate of eggs and a plate of fruit. The man is smiling, likely enjoying his meal.

The dining table is surrounded by several chairs, with one chair on the left side of the table, one on the right side, and another on the right side of the table. There are also two chairs on the right side of the table, one near the man and another further away."
356906,COCO_val2014_000000356906.jpg,2,1,1,1,0,2,0,2,0,0,chair,,bowl; sink,,"The image depicts a small, blue-walled bathroom with a white toilet situated in the middle of the room. The toilet is positioned under a window, which allows natural light to enter the space. Above the toilet, there is a light fixture with three lights, providing illumination for the bathroom.

In addition to the toilet, there is a sink located on the left side of the room, and a bowl can be seen placed on the floor. A chair is also present in the bathroom, positioned near the toilet. The","The image depicts a small, blue-painted bathroom with a white toilet and a white toilet paper roll. The bathroom features a blue-painted wall and a blue-painted bathtub. The bathroom is equipped with a toilet, a toilet paper roll, and a toilet paper roll holder.

In the bathroom, there is a window that allows natural light to enter the space. The bathroom also features a small window, which provides additional light and a view of the outside. The bathroom is decorated with a"
358624,COCO_val2014_000000358624.jpg,2,2,2,0,0,0,0,0,0,0,,,,,"The image features a person holding an orange in front of a Christmas tree. The orange is placed in the foreground, and the person's hand is visible, holding the fruit. The Christmas tree is adorned with various ornaments, including a few hanging from the top and others scattered around the tree. The scene creates a festive atmosphere, with the person and the orange adding a touch of color and warmth to the holiday setting.","The image features a person holding an orange in front of a Christmas tree. The orange is placed in the person's hand, and the orange is positioned in front of the tree. The tree is adorned with Christmas ornaments, creating a festive atmosphere. The person is standing close to the tree, with the orange being the main focus of the scene."
359020,COCO_val2014_000000359020.jpg,2,2,2,0,0,0,0,0,0,0,,,,,"The image features a man and a child standing on a beach, flying a kite together. The man is holding the kite string, while the child is watching and enjoying the activity. The kite is soaring high in the sky, adding a sense of excitement to the scene.

The beach is surrounded by a few trees, providing a natural backdrop for the kite-flying experience. The man and the child are the main focus of the image, showcasing their bonding moment as they engage in this fun outdoor activity.","The image features a man and a child standing on a beach, flying a kite together. The man is holding the kite string, while the child is holding the kite string as well. The kite is soaring high in the sky, adding a sense of excitement to the scene.

The beach is a sandy beach, and the beachgoers are enjoying their time together. The man and the child are the main focus of the image, but there are also a few other people visible in the background, enjoying the beach atmosphere."
359239,COCO_val2014_000000359239.jpg,5,5,5,0,0,0,0,0,0,0,,,,,"The image features a delicious pizza with a generous amount of cheese and tomato sauce, placed on a white plate. The pizza is served on a dining table, accompanied by a fork and a knife on the left side of the plate. There is also a wine glass positioned near the top left corner of the table. The table setting suggests a cozy and enjoyable meal.","The image features a delicious pizza with a generous amount of cheese and tomato sauce, placed on a white plate. The pizza is served on a dining table, accompanied by a pizza cutter and a knife. The pizza is served on a white plate, which is placed on a dining table.

The dining table is set with a fork and a knife, as well as a wine glass, suggesting that the meal is ready to be enjoyed. The dining table is surrounded by a dining table, creating a cozy and inviting atmosphere for a meal"
35940,COCO_val2014_000000035940.jpg,1,0,0,1,0,2,1,1,1,0,traffic light,,fire hydrant,,"The image features a city street with a one-way sign on the side of the road. A bench is located on the sidewalk, and a fence is positioned in front of it. The fence is adorned with graffiti, adding a touch of urban art to the scene. 

In addition to the bench and fence, there is a fire hydrant situated on the sidewalk, and a traffic light can be seen further down the street. The overall atmosphere of the scene is that of a bustling city street with various elements of urban life.","The image features a city street with a one-way sign on a pole, indicating the direction of traffic flow. The street is lined with a fence and a bench, providing a place for pedestrians to rest. The fence is located on the sidewalk, and the bench is situated nearby.

There is a building with graffiti on its side, adding a touch of urban art to the scene. The graffiti is visible on the side of the building, and it appears to be a popular spot for graffiti artists to showcase their work. The combination of the one-"
364596,COCO_val2014_000000364596.jpg,2,4,2,0,2,1,0,1,0,0,,bicycle; traffic light,truck,,"The image depicts a group of protesters gathered on a city street, holding signs and expressing their opinions. There are at least nine people in the scene, with some standing closer to the foreground and others further back. They are holding various signs, with some of them being more prominent than others.

The street is busy with traffic, including multiple cars and a truck. There are at least five cars visible in the scene, with one car on the left side, another on the right side, and three cars in the middle of the street. A truck can also be seen on the right side of the","The image depicts a group of protesters gathered on a city street, holding signs and expressing their opinions. There are at least nine people in the scene, with some standing closer to the camera and others further away. They are gathered around a street corner, possibly near a traffic light.

The street is busy with traffic, including cars and a bicycle. There are two cars parked on the side of the street, and another car is visible in the background. A bicycle is also present, parked near the center of the scene.

The protesters are holding signs, with at least"
366406,COCO_val2014_000000366406.jpg,4,3,3,1,0,6,2,4,2,0,tv,,bowl; chair; cup; vase,,"The image showcases a large, clean, and well-organized kitchen with a center island. The kitchen features a stainless steel refrigerator, a stove, a sink, and a microwave. The countertops are made of granite, and the cabinets are made of wood.

There are several items placed on the countertops, including a bowl, a cup, a bottle, and a vase. A TV is mounted on the wall above the countertop, providing entertainment while cooking or dining. A chair is also visible in the room, likely for","The image showcases a large, clean, and well-organized kitchen with a marble countertop. The kitchen is equipped with stainless steel appliances, including a stove, oven, and dishwasher. The kitchen also features a sink, sink faucet, and a sink faucet near the sink.

The kitchen is well-equipped with various kitchen items, such as a microwave, a refrigerator, and a sink. There are also several bottles placed around the kitchen, possibly containing cooking ingredients or condiments. Additionally,"
368510,COCO_val2014_000000368510.jpg,6,3,3,3,0,1,0,1,0,0,book; cell phone; chair,,keyboard,,"The image features a cluttered desk with a laptop computer sitting on top of it. The desk is surrounded by various items, including a mouse, a keyboard, and a cell phone. There are also several cans of soda scattered around the desk, with some placed near the laptop and others closer to the edge.

In addition to the electronics, there are two books on the desk, one located near the center and the other towards the left side. A chair is positioned in front of the desk, ready for someone to sit and work or play on the laptop.","The image features a cluttered desk with a laptop computer sitting on top of it. The desk is cluttered with various items, including a laptop, a mouse, a mouse pad, a mouse pad, a mouse pad, a mouse pad, a mouse pad, a mouse pad, a mouse pad, a mouse pad, a mouse pad, a mouse pad, a mouse pad, a mouse pad, a mouse pad, a mouse pad, a mouse pad, a mouse pad, a mouse pad, a mouse pad, a mouse pad, a mouse pad, a mouse pad, a mouse pad, a mouse pad"
369082,COCO_val2014_000000369082.jpg,3,2,2,1,0,8,6,3,5,1,spoon,,bottle; chair; dining table,toaster,"The image depicts a small, clean kitchen with white appliances and wooden cabinets. The kitchen features a stove top oven, a microwave, and a sink. There is a refrigerator located on the right side of the kitchen. A dining table can be seen in the background, with a chair placed near it.

Various kitchen items are scattered throughout the space, including a bowl, a cup, a spoon, and a bottle. A vase is also present on the countertop, adding a decorative touch to the kitchen. The overall atmosphere of the kitchen","The image depicts a small, clean kitchen with a white refrigerator, a white stove, and a white dishwasher. The kitchen is equipped with a microwave and a toaster, and there is a sink in the kitchen as well. The kitchen is decorated with a few items, including a vase, a bowl, and a cup.

The kitchen is also equipped with a dishwasher, a sink, and a microwave. The kitchen is well-organized and clean, making it an inviting space for cooking and meal"
369533,COCO_val2014_000000369533.jpg,3,2,2,1,0,0,0,0,0,0,kite,,,,"The image captures a beautiful scene of a sunset over a large body of water, with a pier extending out into the ocean. A person is kiteboarding in the water, enjoying the windy conditions. The kite is visible in the sky, soaring above the person.

There are several birds scattered throughout the scene, some flying close to the water and others further away. The birds are of various sizes and can be seen in different positions, adding to the lively atmosphere of the scene.","The image captures a beautiful scene of a sunset over a large body of water, with a pier extending out into the water. The sunlight is shining through the clouds, creating a beautiful backdrop for the scene. A person is kiteboarding in the water, enjoying the beautiful weather and the picturesque view.

There are several birds flying in the sky, adding to the serene atmosphere of the scene. The pier extends out into the water, providing a scenic view of the water and the kiteboarder. The pier is also equipped with a pier light, ensuring safety and visibility"
36962,COCO_val2014_000000036962.jpg,4,3,3,1,0,1,2,0,1,1,book,,,person,"The image features a cat standing on top of a television set, which is placed on a wooden table. The cat appears to be curiously exploring the television or possibly trying to reach something on the table. 

In the room, there is a chair positioned near the table, and a book can be seen on the table as well. The scene gives off a cozy and playful atmosphere, as the cat seems to be enjoying its time on the television.","The image features a cat standing on a chair in a room, with its front paws on the chair's back. The cat appears to be looking at something, possibly a television or a person, as it stands on the chair. The chair is positioned near a dining table, and the cat appears to be looking at the television, which is located on the right side of the room.

The room also features a dining table and a television, with the television being the main focus of the cat's attention. The cat's position on the chair adds a playful and curious element to the scene."
370013,COCO_val2014_000000370013.jpg,1,2,1,0,1,1,1,1,0,1,,knife,bowl,microwave,"The image features a person holding a blender with a container of food inside, likely a dessert or a smoothie. The blender is filled with a mixture of ingredients, and the person is in the process of blending the contents. The blender is placed on a countertop, and the person's hand is visible above the blender, holding it securely.","The image features a person holding a blender with a blender full of a delicious-looking dessert. The blender contains a mixture of ice cream and other ingredients, creating a delightful treat. The person is in the process of blending the dessert, preparing it for consumption.

In the background, there is a microwave and a knife, which might have been used to prepare the dessert. The scene captures the moment of enjoyment and anticipation of indulging in the dessert."
372220,COCO_val2014_000000372220.jpg,3,2,2,1,0,0,0,0,0,0,handbag,,,,"The image features a man wearing a black hat and a black robe, standing in front of a building. He is looking at his cell phone, possibly checking messages or browsing the internet. The man appears to be a priest, as he is dressed in a religious attire.

There are several other people in the scene, some of them standing close to the man in the robe. A handbag can be seen placed on the ground near the center of the image. The overall atmosphere suggests a busy urban setting with people going about their daily activities.","The image features a man wearing a black hat and a black robe, possibly a priest or a monk. He is standing in front of a building, looking at his cell phone. The man appears to be focused on his phone, possibly checking messages or using an app.

There are several other people in the scene, some of whom are standing nearby, while others are further away. The presence of multiple people in the scene suggests that the man in the black hat and robe might be in a public or social setting."
373029,COCO_val2014_000000373029.jpg,4,4,4,0,0,1,0,1,0,0,,,suitcase,,"The image depicts an airport scene with a large commercial airplane parked on the runway. The airplane is surrounded by several vehicles, including cars and trucks, which are likely providing support services or transporting luggage and cargo. 

There are numerous people scattered around the airplane and the vehicles, likely working on various tasks related to the plane's operation or maintenance. Some of the people are standing close to the airplane, while others are further away, indicating a busy and active airport environment.","The image depicts an airport scene with a large commercial airplane parked on the runway. The airplane is surrounded by several vehicles, including cars and trucks, which are likely providing support services to the airplane. There are also several trucks and trucks parked around the airplane, likely providing support services to the airplane.

In addition to the vehicles, there are several people scattered around the airplane, likely working on the airplane or providing support services. Some of the people are standing near the airplane, while others are scattered around the area.

The air"
373140,COCO_val2014_000000373140.jpg,3,3,3,0,0,1,0,1,0,0,,,person,,"The image features a street with a blue motorcycle parked on the side of the road. The motorcycle is positioned next to a truck, and there are several other vehicles in the scene, including cars and another truck. 

In addition to the vehicles, there are two people visible in the image, one near the left side of the scene and another closer to the center. The presence of these individuals suggests that they might be pedestrians or passengers waiting for transportation.","The image features a street scene with a blue and yellow motorcycle parked on the side of the road. The motorcycle is parked next to a blue and blue motorcycle, which is parked on the side of the road as well. The motorcycle is parked on the side of the road, and it appears to be a motorcycle taxi.

In addition to the motorcycles, there are several other vehicles in the scene, including a truck and a truck-like vehicle. The truck is parked further down the road, while the truck-like vehicle is parked closer to"
373768,COCO_val2014_000000373768.jpg,4,4,4,0,0,2,1,1,1,0,,,book,,"The image features a young man standing in a room, holding a Wii remote and actively playing a video game. He appears to be enjoying the game, possibly a boxing game, as he is holding the remote in a boxing stance. 

In the room, there is a TV mounted on the wall, displaying the game that the young man is playing. A couch can be seen in the background, and a chair is placed nearby. Additionally, there is a book on a surface in the room, possibly a reference for the game or a leisurely read for the young man.","The image features a young man standing in a room, holding a Wii remote and actively playing a video game. He is standing in front of a television, which is displaying the game he is playing. Another person is standing nearby, watching the young man play the game.

The room features a couch in the background and a chair nearby. There are two chairs in the room, one closer to the television and the other further away. The television is positioned on the right side of the room, and the television screen is visible in the background."
375440,COCO_val2014_000000375440.jpg,3,2,2,1,0,1,0,1,0,0,boat,,bird,,"The image features a lush green field with a couple sitting on a bench, enjoying the view of the water and the city in the distance. There are several other people scattered throughout the field, some sitting on benches and others standing, all taking in the beautiful surroundings.

In the background, there is a boat visible on the water, adding to the picturesque scene. The field is also home to a few birds, which can be seen flying or perched in the area. The overall atmosphere is serene and inviting, making it an ideal spot for relaxation and leisure.","The image features a lush green field with a couple sitting on a bench, enjoying the view of the water and the city in the distance. The couple is sitting on a bench near the water, with the city skyline visible in the background. 

There are several other people scattered throughout the field, enjoying the outdoor space and the view. Some of them are sitting on benches, while others are standing or walking around. The scene is a peaceful and relaxing scene of people enjoying the outdoors and the beautiful view."
376123,COCO_val2014_000000376123.jpg,3,2,2,1,0,0,1,0,0,1,sports ball,,,baseball bat,"The image captures a baseball game in progress, with a pitcher in the middle of throwing a pitch. The pitcher is wearing a baseball glove, and the ball is in the air, close to the pitcher. There are several other players on the field, including a batter, a catcher, and a few other players in various positions.

In the background, there are multiple people watching the game, likely spectators or teammates. The scene is set on a baseball field, with the pitcher standing on the pitcher's mound, ready to make the pitch.","The image captures a baseball game in progress, with a pitcher in the middle of throwing a pitch. The pitcher is wearing a baseball glove, and the pitch is being thrown towards the batter. The batter is ready to swing, holding a baseball bat"
377155,COCO_val2014_000000377155.jpg,2,2,2,0,0,0,0,0,0,0,,,,,"The image features a woman standing in a grassy field, holding a black and silver umbrella. She is posing for the camera, and the umbrella is open, providing shade for her. The woman is wearing a red shirt and blue jeans, and she appears to be enjoying her time outdoors.

In the background, there are several umbrellas of different sizes and colors, creating a visually interesting scene. The umbrellas are scattered throughout the field, with some closer to the woman and others further away.","The image features a woman standing in a grassy field, holding a black and blue umbrella. She is posing for the camera, and the umbrella is open, providing shade and protection from the elements. The woman is wearing a red shirt and appears to be enjoying her time outdoors.

In the background, there are several umbrellas of different sizes and colors, creating a visually interesting and colorful scene. The umbrellas are scattered throughout the field, adding a unique and vibrant touch to the scene."
37734,COCO_val2014_000000037734.jpg,3,2,2,1,0,0,0,0,0,0,backpack,,,,"The image depicts a man standing in a room filled with various pieces of luggage. The room appears to be a luggage storage area, possibly in an airport or a hotel. The man is wearing a red and white jacket, and he is surrounded by numerous suitcases and backpacks of different sizes.

There are at least 13 suitcases and 5 backpacks in the room, with some of them placed on the floor and others stacked on top of each other. The man seems to be looking at the luggage, possibly deciding which one to take or","The image depicts a man standing in a room filled with various pieces of luggage. The room appears to be a luggage storage area, possibly in an airport or a hotel. The man is wearing a red and black jacket, and he appears to be looking at the luggage.

There are numerous suitcases of different sizes and colors scattered throughout the room. Some suitcases are placed on the floor, while others are stacked on top of each other. The room is filled with luggage, creating a sense of abundance and abundance. The man appears to be in the"
378096,COCO_val2014_000000378096.jpg,5,3,3,2,0,0,0,0,0,0,cake; fork,,,,"The image features a man and a woman sitting together at a dining table, enjoying a meal and drinks. The man is wearing a red sweater, and the woman is wearing a black jacket. They are both smiling and posing for the camera.

On the table, there are two wine glasses, one closer to the man and the other near the woman. There are also two cakes placed on the table, one in front of the woman and the other in front of the man. A fork can be seen near the cake in front of the woman.

The d","The image features a man and a woman sitting together at a dining table, enjoying a meal together. The man is wearing a red sweater, and the woman is wearing a black jacket. They are both smiling and posing for a picture.

The table is set with various items, including a wine glass, a wine glass, and a wine glass. There are also two wine glasses on the table, one closer to the man and the other closer to the woman. A wine glass is placed near the woman, and another wine glass is placed near the man.

The table is"
378098,COCO_val2014_000000378098.jpg,3,2,2,1,0,0,0,0,0,0,dining table,,,,"The image features a delicious meal consisting of a variety of vegetables and meat. The vegetables include several pieces of broccoli, cauliflower, and carrots, all placed on a plate. The meat, which appears to be steak, is also present on the plate, adding to the enticing meal. The dish is served on a dining table, ready to be enjoyed by someone.","The image features a delicious meal consisting of a variety of vegetables and meat. The vegetables include broccoli, cauliflower, and carrots, all of which are placed on a plate. The vegetables are accompanied by a piece of meat, possibly steak, which is also placed on the plate. The vegetables and meat are arranged in a visually appealing manner, creating an appetizing meal."
378147,COCO_val2014_000000378147.jpg,2,2,2,0,0,0,0,0,0,0,,,,,"The image features an older man standing in front of a projection screen, which displays a music score. He appears to be giving a presentation or lecture on the music, possibly discussing the sheet music displayed on the screen. The man is wearing glasses and a tie, which adds to his professional appearance.

The projection screen is positioned in the background, occupying a significant portion of the image. The man is standing in the foreground, with the screen taking up a large portion of the space between him and the viewer.","The image features an older man standing in front of a projection screen, which displays a music score. The man appears to be a musician, possibly a conductor or a music teacher, as he is focused on the music score displayed on the screen. The man is wearing glasses and appears to be engaged in the presentation or lecture.

The projection screen is positioned on the left side of the image, while the man is standing on the right side of the image. The man is also wearing a tie, which is visible on the left side of the image."
379144,COCO_val2014_000000379144.jpg,2,2,2,0,0,1,1,1,0,1,,,chair,car,"The image features a blue truck driving down a street, with a person visible in the passenger seat. The truck is a large, blue dump truck with a blue trailer attached to it. The truck is positioned in the middle of the street, and the person in the passenger seat appears to be looking out the window.

There are also two other vehicles in the scene, one located on the left side of the truck and another on the right side. The street appears to be a busy road with multiple vehicles present.","The image features a blue truck driving down a street, with a blue truck cab and a blue truck cab trailer attached. The truck is driving on a street with a white line, possibly indicating a designated lane for the truck. The truck is driving down the street, and there is another truck visible in the background.

There are also two people in the scene, one near the truck cab and another further away. The people might be pedestrians or truck drivers, but their exact roles cannot be determined from the image."
381213,COCO_val2014_000000381213.jpg,1,1,1,0,0,1,0,1,0,0,,,bird,,"The image features a group of zebras in a dirt field, standing near a fence. There are five zebras in total, with some of them standing closer to the fence and others further away. The zebras are spread out across the field, with some standing near the center and others towards the edges.

In addition to the zebras, there are two birds visible in the scene, one near the top left corner and the other towards the top right corner. The birds seem to be observing the zebras as they graze in the field.","The image features a group of zebras in a dirt field, standing and grazing in a fenced-in area. There are four zebras in total, with one zebra standing closer to the left side of the image, another in the middle, and two more zebras on the right side of the image. The zebras are grazing on the dirt field, enjoying their time in the fenced-in area."
38155,COCO_val2014_000000038155.jpg,2,2,2,0,0,0,0,0,0,0,,,,,"The image depicts a group of people playing a game of frisbee in a grassy field. There are at least nine people in the scene, with some standing closer to the foreground and others further in the background. They are all actively engaged in the game, with one person in the center of the field holding a frisbee, ready to throw it.

The field is surrounded by trees, creating a pleasant and natural environment for the game. The players are spread out across the field, with some standing closer to the trees and others further away. The atmosphere appears to be lively and fun","The image depicts a group of people playing a game of frisbee in a grassy field. There are at least nine people in the scene, with some of them actively participating in the game and others watching the game from the sidelines. The frisbee can be seen in the air, indicating that the game is in progress.

The players are spread out across the field, with some players closer to the foreground and others further in the background. The players are engaged in the game, enjoying the outdoor activity and the camaraderie of the group."
382111,COCO_val2014_000000382111.jpg,4,4,4,0,0,0,0,0,0,0,,,,,"The image features two men riding horses in a gas station parking lot. One man is riding a white horse, while the other man is riding a brown horse. They appear to be enjoying their time together, possibly taking a break from their journey.

In the background, there are several cars parked around the gas station, including a truck on the right side of the scene. The parking lot is filled with various vehicles, indicating that it is a busy location.","The image features two men riding horses in a gas station parking lot. One man is riding a white horse, while the other man is riding a white horse with a white horse following closely behind. The men appear to be enjoying their time together, possibly taking a break from their ride.

The gas station parking lot is filled with various vehicles, including cars and trucks. There are several cars parked in the lot, and a truck is visible in the background. The gas station is likely a popular spot for people to stop and refuel their vehicles."
383777,COCO_val2014_000000383777.jpg,4,3,3,1,0,1,1,0,1,0,truck,,,,"The image features a man wearing a suit and tie, standing next to his bicycle on a sidewalk. He is smiling and appears to be enjoying his time. The man is holding the handlebars of the bicycle, which is parked on the sidewalk.

In the background, there are several cars parked along the street, with one car on the left side of the image and two cars on the right side. Additionally, there are two trucks parked further back on the left side of the scene.","The image features a man wearing a suit and tie, standing next to his bicycle on a city street. He is smiling and appears to be enjoying his time. The man is holding the handlebars of his bicycle, which is parked on the sidewalk.

The street is lined with parked cars, with one car parked behind the man and another car parked further down the street. There are also a few other people in the scene, with one person standing near the man and another person walking down the street."
38438,COCO_val2014_000000038438.jpg,1,1,1,0,0,0,0,0,0,0,,,,,"The image features a white and gray cat lying on a rug, surrounded by a variety of shoes. The cat is positioned in the center of the scene, with its body stretched out and occupying a significant portion of the rug. 

There are several shoes scattered around the cat, with some located near the left side of the rug, others on the right side, and a few in the middle. The shoes come in different sizes and styles, adding a sense of diversity to the scene.","The image features a white and gray cat lying on a rug, surrounded by a variety of shoes. The cat is resting on the rug, possibly enjoying the warmth and comfort of the rug. The shoes are scattered around the cat, with some shoes placed near the cat and others scattered around the rug.

There are at least six shoes in the scene, with some shoes placed closer to the cat and others scattered around the rug. The shoes vary in size and style, adding a sense of variety to the scene."
385473,COCO_val2014_000000385473.jpg,1,1,1,0,0,0,0,0,0,0,,,,,"The image features a close-up view of a motorcycle wheel, showcasing the spokes and the tire. The motorcycle is parked on a street, and the wheel is prominently displayed in the foreground. The tire is black and appears to be in good condition. The motorcycle's front wheel is the main focus of the image, with the rest of the motorcycle partially visible in the background.","The image features a close-up view of a motorcycle's front wheel, showcasing its silver and chrome components. The wheel is adorned with a chrome rim and features a chrome rim on the back wheel as well. The front wheel is prominently featured in the image, with the back wheel partially visible in the background.

The motorcycle's front wheel is positioned in the foreground, while the back wheel is located in the background, creating a sense of depth and perspective in the image. The image highlights the motorcycle's sleek and shiny appearance, emphasizing the craft"
385633,COCO_val2014_000000385633.jpg,2,2,2,0,0,0,0,0,0,0,,,,,"The image features a small kitchen with a white refrigerator freezer sitting on a hardwood floor. The refrigerator is positioned in the middle of the room, and it appears to be the main focus of the space. 

In addition to the refrigerator, there is a potted plant placed on top of the refrigerator, adding a touch of greenery to the room. The kitchen also has a doorway leading to another room, which is visible in the background.","The image features a small kitchen with a white refrigerator and a potted plant placed on top of it. The refrigerator is positioned in the middle of the kitchen, while the potted plant is placed on top of it, adding a touch of greenery to the space. The kitchen appears to be empty and empty-looking, with no other objects or decorations visible in the image."
38666,COCO_val2014_000000038666.jpg,3,2,2,1,0,1,0,1,0,0,backpack,,handbag,,"The image features a young boy sitting on the grass, holding a brown teddy bear in his arms. The boy is wearing a black jacket and appears to be enjoying his time outdoors. 

In the background, there are several other people present, some of whom are standing and others sitting on the grass. A backpack can be seen placed on the ground, and a handbag is also visible in the scene. The overall atmosphere seems to be relaxed and casual, with the boy and his teddy bear being the main focus of the image.","The image features a young boy holding a brown teddy bear in front of his face. The boy is wearing a blue shirt and appears to be enjoying his time with the teddy bear. The teddy bear is positioned in front of the boy, covering his face.

There are several other people in the scene, including children and adults, who are likely enjoying a gathering or event. Some of the people are standing or sitting in the background, while others are scattered throughout the scene."
386707,COCO_val2014_000000386707.jpg,2,2,2,0,0,0,0,0,0,0,,,,,"The image features a young man standing in a store, posing in front of a display of Canon cameras. He is wearing a blue shirt and a tie, giving the impression of a professional or salesperson. The store is filled with various Canon cameras, with some placed on shelves and others displayed on the walls. The man appears to be proudly showcasing the products, possibly as a representative of the store.","The image features a young man standing in front of a display case filled with various Canon cameras and cameras. He is wearing a blue shirt and a tie, and he appears to be posing for a picture in front of the display. The display case showcases a variety of Canon cameras, including different models and sizes, arranged in an organized manner. The man appears to be the main focus of the image, as he stands in front of the display case, likely admiring the cameras or possibly considering purchasing one."
388212,COCO_val2014_000000388212.jpg,1,1,1,0,0,0,0,0,0,0,,,,,"The image features a giraffe standing in a grassy field, surrounded by trees. The giraffe is positioned in the center of the scene, with its long neck and legs prominently visible. The field appears to be a part of a zoo enclosure, as there are fences visible in the background. The giraffe seems to be enjoying its time in the open space, surrounded by the natural environment.","The image features a giraffe standing in a grassy field, surrounded by a fence. The giraffe is positioned in the center of the image, with its long neck and legs prominently visible. The giraffe appears to be looking over the fence, possibly observing its surroundings or looking for food.

The field is surrounded by a forest, providing a natural and serene environment for the giraffe. The giraffe's presence in the field suggests that it might be in a wildlife reserve or a protected area, where it can roam freely and safely."
389197,COCO_val2014_000000389197.jpg,2,2,2,0,0,0,1,0,0,1,,,,chair,"The image features a young boy riding a blue surfboard on a wave in a wave pool. He is skillfully navigating the water, enjoying the ride. There are several other people in the scene, some of them standing near the edge of the pool, watching the boy surf. 

In addition to the boy on the surfboard, there are two more surfboards visible in the scene, one located near the center of the pool and the other closer to the right side. The presence of multiple people and surfboards suggests that this could be a popular spot for water sports and recreational activities","The image features a young boy riding a blue surfboard on a wave in a wave pool. He is skillfully riding the wave, enjoying the thrill of the ride. The boy is the main focus of the image, and his surfboard is clearly visible beneath him.

In the background, there are several people watching the boy's performance. Some of them are standing, while others are sitting on chairs, enjoying the spectacle. The scene captures the excitement and excitement of the young boy's surfing experience."
391214,COCO_val2014_000000391214.jpg,1,1,1,0,0,1,0,1,0,0,,,person,,"The image captures a person surfing in the ocean, riding a wave on a surfboard. The surfer is skillfully navigating the wave, showcasing their talent. The surfboard is visible in the water, with the surfer standing on it and maintaining balance.

The scene is set against a backdrop of the ocean, with the waves providing a dynamic and exciting atmosphere. The surfer appears to be enjoying the thrill of the ride, making the most of the ocean's power and beauty.","The image captures a surfer riding a wave in the ocean, skillfully riding the wave on their surfboard. The surfer is positioned in the middle of the scene, with the surfboard visible beneath them. The surfer appears to be enjoying the thrill of the wave, showcasing their surfing skills."
392659,COCO_val2014_000000392659.jpg,3,3,3,0,0,1,0,1,0,0,,,backpack,,"The image features a woman riding a pink bicycle with a small dog sitting in a pink basket on the front. The dog appears to be a small breed, possibly a Chihuahua. The woman is wearing a purple shirt and black shorts, and she is holding the handlebars of the bike.

There are several other people in the scene, some of them walking or standing nearby. A backpack can be seen on the ground, possibly belonging to one of the people in the area. The overall atmosphere of the scene is lively and fun, with the woman and","The image features a woman riding a pink bicycle with a small dog in a pink basket attached to the front of the bike. The dog appears to be a small dog breed, possibly a Chihuahua. The woman is riding the bike, and the dog is comfortably sitting in the basket, enjoying the ride.

In the background, there are a few other people walking or standing around, possibly enjoying the outdoors or going about their daily activities."
397101,COCO_val2014_000000397101.jpg,3,3,3,0,0,0,0,0,0,0,,,,,"The image features a woman playing tennis on a court, holding a tennis racket and preparing to serve the ball. She is in the middle of a serve, with her arm raised and the tennis ball in the air. The woman is wearing a red shirt and a white visor, which adds to the overall athletic appearance.

The tennis court is surrounded by a blue surface, and the woman is the main focus of the scene. The tennis racket she is holding is clearly visible, and the ball is captured in mid-air, emphasizing the action of the serve.","The image features a woman playing tennis on a tennis court. She is in the middle of a serve, holding a tennis racket and preparing to serve the ball. The woman is wearing a red shirt and a white visor, and she is reaching up with her tennis racket, ready to serve the ball.

The tennis court is a blue court, and the woman is the main focus of the image. The tennis racket she is holding is clearly visible, and her posture and positioning suggest that she is fully engaged in the game."
397287,COCO_val2014_000000397287.jpg,0,0,0,0,0,1,0,1,0,0,,,person,,"The image features a wooden signpost with two signs attached to it, pointing in opposite directions. The signs are positioned in a forest, surrounded by trees and greenery. The signs are placed at a slight angle, making it easy for people to read and follow the directions. The scene is serene and inviting, perfect for outdoor enthusiasts seeking a path through the woods.","The image features a wooden signpost with two signs attached to it, pointing in opposite directions. The signs are positioned on a wooden post, which is located in a forest setting. The signs are pointing towards the left and right, indicating the directions for the paths.

The forest is filled with trees, creating a serene and natural atmosphere. The trees are scattered throughout the scene, with some trees being closer to the signpost and others further away. The combination of the wooden signpost and the forest creates a peaceful and inviting atmosphere for those who wish to explore the forest paths."
397518,COCO_val2014_000000397518.jpg,1,1,1,0,0,0,0,0,0,0,,,,,"The image features two large brown bears walking together in a rocky area. They are walking side by side, with one bear slightly ahead of the other. The bears appear to be exploring the rocky terrain, possibly searching for food or simply enjoying their surroundings. The scene captures the natural behavior of these majestic animals in their habitat.","The image features two large brown bears walking together in a rocky area. They are walking side by side, with one bear slightly ahead of the other. The bears are walking on a rocky surface, possibly a rocky hillside or a rocky beach. The bears appear to be exploring their surroundings or searching for food."
397658,COCO_val2014_000000397658.jpg,3,3,3,0,0,0,0,0,0,0,,,,,"The image features a woman standing on a sidewalk, talking on her cell phone. She is wearing a black and white striped shirt and a scarf, and she appears to be engaged in a conversation. There are several other people in the scene, some of whom are walking by or standing nearby.

In the background, there are a few handbags visible, with one near the center of the scene and another closer to the right side. The overall atmosphere of the image suggests a busy urban setting with people going about their daily activities.","The image features a woman standing on a sidewalk, talking on her cell phone. She is wearing a scarf and a coat, indicating that the weather might be cold. The woman is surrounded by several other people, some of whom are also engaged in conversations on their cell phones.

There are several handbags visible in the scene, with one near the woman talking on the phone, another close to her, and a third one further away. The scene appears to be a busy street with people going about their daily activities."
39811,COCO_val2014_000000039811.jpg,2,2,2,0,0,2,0,2,0,0,,,potted plant; traffic light,,"The image features a city street with a large white and purple bus parked on the side of the road. The bus is positioned near a bus stop, and there is a person standing nearby, possibly waiting to board the bus. 

In addition to the bus, there are several cars on the street, including one parked in front of the bus and others scattered throughout the scene. A traffic light can be seen in the background, indicating that the bus is stopped at an intersection. 

There are also a few potted plants placed along the sidewalk, adding some greenery to the urban environment.","The image features a city street with a large white and pink bus parked on the side of the road. The bus is positioned near a bus stop, and a bus stop shelter is located nearby. The bus stop shelter is a covered area that provides shelter for passengers waiting for the bus.

There are several people in the scene, with some standing near the bus stop and others walking along the street. A few cars are also present on the street, with one car parked near the bus and others parked or driving along the street.

In addition to the bus stop shelter, there is a bus stop shelter"
399205,COCO_val2014_000000399205.jpg,3,2,2,1,0,1,0,1,0,0,motorcycle,,car,,"The image depicts a group of people standing on a sidewalk, with some of them using their cell phones. There are at least five people in the scene, with one man prominently holding a cell phone in his hand. Another man is also holding a cell phone, while the others are engaged in various activities.

In the background, there are two motorcycles parked on the side of the street, and a car can be seen further down the road. The scene appears to be a busy urban environment with people going about their daily activities.","The image depicts a group of people standing on a sidewalk, with some of them looking at their cell phones. There are at least six people in the scene, with some of them standing closer to the foreground and others further back. 

Two men in the group are prominently looking at their cell phones, while the others are engaged in various activities. One man is holding a cell phone in his hand, while another man is holding a cell phone in his hand and looking at it. The group appears to be engaged in a casual gathering or waiting for something."
400728,COCO_val2014_000000400728.jpg,4,3,3,1,0,0,0,0,0,0,potted plant,,,,"The image features a dog sitting in a basket attached to a bicycle, which is parked on the side of a street. The dog appears to be enjoying the ride, possibly being taken for a leisurely walk or a trip to the store. 

In the background, there are several potted plants placed along the sidewalk, adding a touch of greenery to the scene. Additionally, there are two motorcycles parked nearby, one closer to the left side of the image and the other further to the right.","The image features a brown dog sitting in a basket attached to a bicycle, which is parked on the side of the road. The dog appears to be enjoying its ride in the basket, possibly enjoying the breeze and the view. The bicycle is parked on the side of the road, and the dog appears to be relaxed and content in its basket.

In the background, there is a bicycle shop, which could be the reason for the dog's owner to have chosen this mode of transportation for their pet. The scene also features a motorcycle parked nearby,"
400975,COCO_val2014_000000400975.jpg,2,2,2,0,0,0,0,0,0,0,,,,,"The image features a wooden clock with a unique design, showcasing a bird and a tree. The clock is mounted on a wall, and it appears to be a decorative piece that adds a touch of nature to the space. The bird is positioned on the left side of the clock, while the tree is on the right side. The clock's face is visible, displaying the time in a clear and easy-to-read manner.","The image features a wooden clock with a unique design, featuring a bird and a birdhouse on the clock face. The clock is mounted on a wall, and the bird and birdhouse are intricately carved into the wooden surface. The clock is positioned on the wall, making it a functional and decorative piece. The clock's design adds a touch of nature and creativity to the space where it is displayed."
403619,COCO_val2014_000000403619.jpg,4,4,4,0,0,1,0,1,0,0,,,cup,,"The image features a person using a laptop computer, with a cell phone placed on the laptop's keyboard. The person's hand is resting on the laptop's keyboard, likely typing or interacting with the device. The cell phone is positioned in the middle of the keyboard, capturing the user's attention.

The laptop is placed on a surface, and there is a cup nearby, possibly containing a beverage. The scene suggests that the person is multitasking, combining the use of the laptop and cell phone for various tasks or communication.","The image features a person using a laptop computer, with a cell phone placed on the laptop's keyboard. The person is using the laptop's keyboard to type, while the cell phone is positioned on the keyboard, likely for easy access or reference. The laptop is open and occupies a significant portion of the image, with the laptop's keyboard occupying the lower half of the image. The cell phone is placed on the keyboard, covering a portion of the keyboard's keys."
404738,COCO_val2014_000000404738.jpg,1,1,1,0,0,0,0,0,0,0,,,,,"The image features a large, old, and dirty vase sitting in a field of green plants. The vase is surrounded by a variety of plants, including bushes and trees, creating a natural and serene environment. The vase appears to be made of clay and is quite large, taking up a significant portion of the scene. The plants surrounding the vase add a sense of depth and dimension to the image, making it a captivating and picturesque scene.","The image features a large, old, and dirty vase sitting in a forest, surrounded by green plants and bushes. The vase is positioned in the middle of the scene, surrounded by a variety of plants, including bushes and leaves. The vase appears to be old and dirty, possibly due to its age and exposure to the elements. The vase's presence in the forest adds a unique and interesting element to the scene."
405534,COCO_val2014_000000405534.jpg,2,2,2,0,0,2,1,1,1,0,,,handbag,,"The image features two young boys sitting on the grass, each holding a tennis racket. They appear to be enjoying their time together, possibly taking a break from playing tennis. The boys are positioned close to each other, with one boy on the left side and the other on the right side of the scene.

In the background, there are several people standing or walking around, possibly spectators or fellow players. A car can be seen parked in the background, and a handbag is placed on the ground near the center of the scene.","The image features two young boys sitting on the grass, each holding a tennis racket. They are likely taking a break from playing tennis or waiting for their turn to play. The boys are sitting close to each other, with one boy on the left and the other on the right.

In the background, there are several people standing around, possibly watching the boys play or waiting for their turn to play. Some of these people are standing closer to the fence, while others are standing further away. A car can be seen in the background, parked near the fence."
405547,COCO_val2014_000000405547.jpg,1,1,1,0,0,0,0,0,0,0,,,,,"The image features a herd of cows standing in a grassy field. There are nine cows in total, with some of them lying down and others standing. The cows are spread out across the field, with some closer to the foreground and others further in the background. The cows are of various colors, including brown, white, and black, adding to the diversity of the herd. The scene captures a peaceful moment in the life of these cows as they graze and rest in the open field.","The image features a herd of cows standing in a grassy field. There are nine cows in total, with some cows standing closer to the foreground and others further in the background. The cows are spread out across the field, with some cows standing closer together and others more spread out. The cows are all facing the same direction, possibly facing the camera. The cows are of various colors, including brown, white, and black, adding to the diversity of the herd."
405574,COCO_val2014_000000405574.jpg,2,3,2,0,1,2,1,1,1,0,,handbag,bench,,"The image features a woman standing in a grassy field, surrounded by a few birds. She is holding a bag and appears to be enjoying her time outdoors. The birds are scattered around her, with one close to her left side, another in the middle of the field, and a third one further away.

In the background, there is a car parked, and a bench can be seen nearby. The woman seems to be the main focus of the scene, as she interacts with the birds and the environment around her.","The image features a woman standing in a park, surrounded by a lush green field. She is holding a bird in her hand, possibly a pigeon, while another bird is flying nearby. The woman appears to be enjoying her time in the park, possibly feeding the birds or simply enjoying their presence.

In the background, there is a car parked, and a handbag can be seen placed nearby. The woman appears to be the main focus of the image, with the woman and the woman holding the bird being the main subjects."
407861,COCO_val2014_000000407861.jpg,1,1,1,0,0,2,0,2,0,0,,,bottle; sink,,"The image features a white toilet with a white tank situated in a bathroom. The toilet is positioned under a sink, which is located on the left side of the bathroom. The sink is equipped with a roll of toilet paper, which is placed on the right side of the sink.

In addition to the toilet and sink, there is a bottle located on the left side of the bathroom, near the top of the image. The bathroom appears to be in need of cleaning, as there is a pile of trash on the floor, close to the","The image features a white toilet with a white toilet paper roll sitting on top of it. The toilet is situated in a bathroom with a tiled floor and a tiled wall. The toilet paper roll is placed on the tank of the toilet, which is a common practice to keep it easily accessible. The bathroom appears to be in a somewhat neglected state, with the toilet being the main focus of the image."
40821,COCO_val2014_000000040821.jpg,2,2,2,0,0,1,1,0,1,0,,,,,"The image features a woman lying down on a bed, with a cell phone placed on her face. She appears to be sleeping or resting, and the cell phone is positioned in front of her eyes, almost covering them. The woman's eyes are closed, and the phone is held in place by her chin. The scene gives the impression of a playful or humorous moment.","The image features a woman lying down on a bed, with a cell phone placed on her face. She is wearing a black shirt and appears to be sleeping or resting. The cell phone is positioned on her face, covering her eyes, and she appears to be using it as a makeshift sleep mask. The woman appears to be resting comfortably, with the cell phone providing a unique and unconventional sleep mask."
40881,COCO_val2014_000000040881.jpg,2,2,2,0,0,1,0,1,0,0,,,dining table,,"The image features a bowl filled with a delicious and hearty meal, consisting of a combination of meat and broccoli. The broccoli pieces are scattered throughout the bowl, with some pieces placed closer to the top and others near the bottom. The meat, which appears to be chicken, is also present in the bowl, adding to the overall flavor and texture of the dish. The bowl is placed on a dining table, ready to be enjoyed by someone.","The image features a bowl filled with a delicious soup containing a variety of vegetables, including broccoli, onions, and onions. The broccoli pieces are scattered throughout the soup, with some pieces being larger and others smaller. The soup appears to be a hearty soup, likely a chicken soup, as it contains chicken pieces as well. The soup is served in a white bowl, and the soup is served in a white bowl. The soup is served in a white bowl, and the soup is served in a white bowl."
409331,COCO_val2014_000000409331.jpg,2,1,1,1,0,2,2,0,2,0,book,,,,"The image features a man wearing a camouflage hat and holding a camera in his hands. He is smiling and appears to be taking a picture. The man is standing in front of a potted plant, which is located on the left side of the scene.

In the background, there is a TV mounted on the wall, and a bookshelf filled with books can be seen on the right side of the image. The books are arranged in various sizes and positions, creating a cozy and organized atmosphere.","The image features a man wearing a camouflage hat and holding a camera in his hands. He is smiling and appears to be taking a picture or preparing to take a picture. The man is also wearing a camouflage hat, which adds a unique touch to the scene.

In the background, there is a potted plant located on the left side of the image, and a TV can be seen on the right side. The man's enthusiasm for photography and his choice of attire make the image quite interesting and engaging."
410589,COCO_val2014_000000410589.jpg,1,1,1,0,0,0,0,0,0,0,,,,,"The image features a beach scene with a yellow and blue sailboat sitting on the sand. The sailboat is positioned near the water, and it appears to be a small sailboat. The beach is covered with tall grass, giving it a lush and natural appearance. The sailboat is the main focus of the scene, and it stands out against the backdrop of the beach and the grass.","The image features a beach scene with a yellow and yellow sailboat sitting on the sandy beach. The sailboat is positioned on the beach, and it appears to be a sailboard, possibly a windsurfing board. The sailboard is placed on the sand, and it appears to be ready for use.

The beach is surrounded by tall grass, giving the beach a natural and serene atmosphere. The sailboard is the main focus of the image, and it stands out against the backdrop of the beach and the tall grass."
412094,COCO_val2014_000000412094.jpg,2,2,2,0,0,1,0,1,0,0,,,handbag,,"The image features a train station with a large black train parked on the tracks. The train is positioned on the left side of the scene, occupying a significant portion of the image. There are several people standing near the train, likely waiting to board or disembark.

In total, there are 11 people visible in the scene, with some standing closer to the train and others further away. A few of them are carrying handbags, with three handbags visible in the image. The presence of the train and the people suggests that this is a busy station where passengers are either arriving or depart","The image features a train station with a large black train parked on the tracks. The train is positioned on the left side of the image, occupying a significant portion of the image. The train is surrounded by several people, some of whom are standing near the train, while others are scattered around the station.

There are also a few people standing near the train tracks, possibly waiting for the train to depart or just observing the train. The train station appears to be a busy station, with people engaged in various activities."
413295,COCO_val2014_000000413295.jpg,2,2,2,0,0,1,1,1,0,1,,,book,cell phone,"The image features a woman wearing a green hat and a black hoodie, holding a banana up to her face. She is smiling and appears to be enjoying the moment. The banana is positioned in front of her face, almost covering her eyes.

In the background, there are several books scattered around, possibly indicating a reading or studying area. The books are of various sizes and are placed at different positions, creating a cozy and intellectual atmosphere.","The image features a woman wearing a green hat and a hooded sweatshirt, holding a banana up to her face as if it were a phone. She is smiling and appears to be enjoying the playful moment. The banana is positioned in front of her face, creating a humorous and amusing scene."
414236,COCO_val2014_000000414236.jpg,4,4,4,0,0,0,1,0,0,1,,,,person,"The image features a dining table with a sandwich and a cup of coffee placed on a napkin. The sandwich is cut in half, and it appears to be a ham and cheese sandwich. The cup of coffee is positioned next to the sandwich, creating a pleasant and appetizing meal.

In addition to the main items, there is a cell phone placed on the table, slightly to the left of the sandwich. The scene suggests a casual and relaxed dining experience.","The image features a dining table with a sandwich and a cup of coffee placed on a paper wrapper. The sandwich is cut in half, and the sandwich and coffee are placed on a paper wrapper, which is placed on the table. The sandwich appears to be a ham and cheese sandwich, and the coffee is a cup of coffee.

In addition to the sandwich and coffee, there is a cell phone on the table, possibly belonging to the person who prepared the meal. The table appears to be a dining table, and the overall setting suggests a casual meal or a quick me"
414289,COCO_val2014_000000414289.jpg,3,4,3,0,1,0,0,0,0,0,,handbag,,,"The image features a woman standing outside, talking on her cell phone. She is holding a cup, possibly a coffee, in her hand. The woman is wearing a coat, which suggests that the weather might be cold.

In the background, there is another person partially visible, possibly a friend or a passerby. The scene appears to be set in an urban environment, with a brick wall visible in the background.","The image features a woman wearing a coat and holding a cup of coffee while talking on her cell phone. She is standing outside, possibly on a street or a sidewalk. The woman is also holding a handbag, which is placed close to her.

In the background, there are two other people visible, one on the left side and another on the right side of the image. The woman appears to be engaged in a conversation, possibly discussing her coffee or her plans for the day."
41633,COCO_val2014_000000041633.jpg,2,2,2,0,0,1,1,0,1,0,,,,,"The image features a vintage red truck parked on a street, with its hood open. The truck is an old-fashioned model, and it appears to be a classic pickup truck. The truck is parked next to a building, and there is a car visible in the background.

In addition to the truck, there are two people in the scene. One person is standing near the truck, while the other person is located further away, closer to the car in the background. The scene captures the essence of a classic vehicle and its surroundings.","The image features a vintage red truck parked on a street, possibly at a car show. The truck is a classic pickup truck with a red paint job, and it appears to be a vintage truck from the 1950s. The truck is parked on the side of the street, and it appears to be the main focus of the image.

In the background, there are a few other vehicles, including a truck and a car, parked further down the street. Additionally, there are two people visible in the image, one near the truck and"
416335,COCO_val2014_000000416335.jpg,3,3,3,0,0,1,0,1,0,0,,,sandwich,,"The image features a man standing behind a table filled with a variety of pizzas. The table is covered with several pizzas, each with different toppings, and the man appears to be selling them to customers. There are at least 13 pizzas visible on the table, with some placed closer to the man and others further away.

In addition to the pizzas, there are also a few sandwiches on the table, adding to the assortment of food items available for purchase. The scene is bustling with activity, as there are numerous people around the table, likely brow","The image features a man standing behind a table filled with a variety of pizzas and breadsticks. The man appears to be a chef or a vendor, attending to the pizzas and breadsticks on display. The table is covered with a total of 13 pizzas, each with different toppings and sizes, and 12 breadsticks.

There are several people in the scene, some of whom are standing around the table, while others are scattered throughout the scene. Some people are closer to the table, while others are further away, possibly observing the pizzas and bread"
417023,COCO_val2014_000000417023.jpg,3,2,2,1,0,0,1,0,0,1,tie,,,dining table,"The image captures a heartwarming moment between a bride and groom at their wedding reception. The bride is wearing a white dress and is biting into a piece of cake, while the groom is feeding her a bite. They are both smiling and enjoying the special occasion.

The cake is placed in the center of the scene, with the bride and groom standing close to it. The bride is wearing a necklace, and the groom is wearing a tie. The scene is filled with happiness and love, as the couple shares this memor","The image captures a heartwarming moment between a bride and groom, as the bride is feeding the groom a piece of cake. The bride is wearing a white dress, and the groom is dressed in a suit. The bride is feeding the groom a piece of cake, and the groom is smiling, enjoying the moment.

The cake is placed on a dining table in the background, and the couple is standing close to each other, showcasing their love and happiness on their special day."
41773,COCO_val2014_000000041773.jpg,1,0,0,1,0,2,1,1,1,0,bird,,car,,"The image features a yellow sign on a pole, warning drivers of a crossing area for birds. The sign is placed on the side of a road, with a hillside in the background. The sign is positioned near the center of the scene, making it easily visible for drivers. The road appears to be empty, with no cars or people visible in the image. The scene captures the importance of being cautious and aware of wildlife in the area.","The image features a yellow sign on a pole, located on the side of a road. The sign is a warning sign, possibly indicating a crossing or a dangerous area. The sign is positioned on the side of the road, making it easily visible to drivers and pedestrians.

The image also features a blue sky, which adds to the overall pleasant atmosphere of the scene. The road appears to be a winding road, possibly leading to a scenic location or a popular destination."
418219,COCO_val2014_000000418219.jpg,3,2,2,1,0,0,0,0,0,0,bench,,,,"The image depicts a man and a woman walking down a sidewalk near a park. They are walking close to each other, enjoying their time together. The sidewalk is lined with trees, providing a pleasant atmosphere for their stroll.

In the background, there are several cars parked along the street, and a bench is visible on the sidewalk. The couple appears to be walking in the opposite direction of the cars, creating a sense of depth in the scene.","The image depicts a man and a woman walking down a path near a park. They are walking together, enjoying their time together in the park. The path is lined with trees, providing a pleasant atmosphere for the couple.

The park is located near a busy street, as evidenced by the presence of multiple cars and cars driving by. There are several cars parked along the street, and some cars are driving by, creating a lively atmosphere. The couple walking down the path appears to be enjoying their time despite the busy surroundings."
418854,COCO_val2014_000000418854.jpg,3,3,3,0,0,1,0,1,0,0,,,cup,,"The image is a black and white photograph of a bathroom featuring a white toilet and a sink. The toilet is situated on the left side of the bathroom, while the sink is located on the right side. The bathroom also has a bathtub, which is positioned towards the right side of the room.

There are two bottles in the bathroom, one placed near the sink and the other near the toilet. Additionally, there is a cup located on the left side of the sink. The overall atmosphere of the bathroom is vintage, with the black and white photo","The image is a black and white photograph of a bathroom featuring a white toilet and a white sink. The bathroom is equipped with a bathtub, and the bathroom is decorated with a checkered pattern. The bathroom is also equipped with a toilet paper roll and a toilet paper holder.

In addition to the main bathroom fixtures, there are several bottles scattered around the bathroom, possibly containing toiletries or bathroom essentials. The bathroom appears to be a small, compact space, but it is well-equipped and functional."
419119,COCO_val2014_000000419119.jpg,4,5,4,0,1,1,1,0,1,0,,cell phone,,,"The image features a person holding a Wii remote in their hand, likely preparing to play a video game. The person is standing in a room with a dining table in the background. There are two wine glasses on the table, one closer to the left side and the other towards the right side. A book is also present on the table, located near the right edge of the image.","The image features a person holding a Wii remote in their hand, likely preparing to play a video game. The person is standing in a room with a dining table in the background. The table is set with a wine glass and a book, suggesting that the person might be enjoying a relaxing evening.

The person is also holding a cell phone in their hand, possibly checking messages or browsing the internet while playing the video game. The scene captures a moment of leisure and entertainment in a comfortable setting."
419312,COCO_val2014_000000419312.jpg,4,2,2,2,0,0,1,0,0,1,carrot; cup,,,wine glass,"The image features a dining table with two white plates filled with a delicious assortment of food. The plates are topped with a variety of items, including meat, vegetables, and dessert. There are several carrots scattered across the plates, adding a pop of color to the meal.

In addition to the plates, there are two cups on the table, one near the left edge and the other near the top left corner. A fork is also visible on the table, placed near the bottom right corner of the image. The table setting creates an inviting atmosphere for a","The image features a dining table with two white plates filled with a delicious assortment of food. The plates are topped with a variety of food items, including meat, vegetables, and desserts. The plates are placed on the table, and the table is set for a meal.

In addition to the plates, there are two wine glasses on the table, one near the left plate and the other near the right plate. A fork is also visible on the table, placed near the right plate. The table setting and the variety of food items suggest a festive and enjoy"
421060,COCO_val2014_000000421060.jpg,2,1,1,1,0,0,0,0,0,0,skis,,,,"The image captures a thrilling moment of a person skiing down a snow-covered slope, performing a jump and a trick in the air. The skier is in the middle of the action, with their skis visible as they soar through the air.

There are several other people in the scene, some of them skiing and others standing or walking around. The presence of multiple people suggests that this is a popular skiing location, possibly a ski resort or a snow park. The skier's impressive jump and the lively atmosphere make for an exciting and dynamic scene.","The image captures a thrilling moment of a person skiing down a snow-covered slope, performing a jump and a trick in the air. The skier is in the middle of the jump, showcasing their skill and skillfulness. 

There are several other people in the image, some of them skiing and others watching the skier perform the jump. The scene is lively, with people scattered around the slope, enjoying the winter sports activities."
421072,COCO_val2014_000000421072.jpg,2,2,2,0,0,0,0,0,0,0,,,,,"The image features two dogs playing together in a grassy field. One dog is holding a red frisbee in its mouth, while the other dog is standing nearby, possibly waiting for its turn to play or observing the game. The dogs are positioned in the middle of the field, with one dog closer to the left side and the other dog towards the right side. The scene captures the joyful and energetic atmosphere of the dogs enjoying their time outdoors.","The image features two dogs playing together in a grassy field. One dog is holding a frisbee in its mouth, while the other dog is trying to take the frisbee from it. The two dogs are positioned close to each other, with one dog on the left side and the other on the right side of the image.

The field is surrounded by a fence, providing a safe and contained environment for the dogs to play in. The dogs appear to be enjoying their time together, engaging in a friendly playful interaction."
421361,COCO_val2014_000000421361.jpg,2,2,2,0,0,0,0,0,0,0,,,,,"The image features a man lying on the grass in a park, wearing sunglasses and a red shirt. He is relaxing and enjoying the outdoors. A frisbee is placed on the grass near him, suggesting that he might have been playing with it earlier. The scene is set in a lush green field, providing a perfect environment for outdoor activities.","The image features a man lying on the grass in a park, wearing sunglasses and a red shirt. He is relaxing on the grass, possibly taking a break from playing frisbee. A frisbee is placed on the grass near him, indicating that he was playing frisbee before taking a break. The man appears to be enjoying his time outdoors, enjoying the sunny day and the pleasant park setting."
424196,COCO_val2014_000000424196.jpg,3,2,2,1,0,0,0,0,0,0,skis,,,,"The image features a snowy slope with a person wearing a white jacket and a red hat, bending over to adjust their snowboard. The person is standing on a snowboard, which is placed on the snow-covered ground. 

In the background, there are two other people visible, one closer to the left side of the image and the other further to the right. The scene also includes a couple of skis, one located near the center of the image and the other towards the right side.","The image features a snowy slope with a person wearing a white jacket and a red hat, standing on a snowboard. The person is bending over, possibly adjusting their snowboard or preparing to ride. The snowboarder is positioned near the center of the image.

The snowy slope is surrounded by a snow-covered landscape, with a few other people scattered around the slope. Some of them are also wearing snowboards, indicating that they are snowboarders as well. The scene captures the excitement and excitement of snowboarding on a snowy slope."
426852,COCO_val2014_000000426852.jpg,1,1,1,0,0,3,1,2,1,0,,,bench; chair,,"The image features a large indoor garden with a variety of plants and decorative elements. There are several potted plants placed throughout the space, with some positioned closer to the foreground and others further back. A few vases can be seen, adding to the garden's aesthetic appeal.

In addition to the plants, there are two benches in the garden, one located near the center and the other towards the right side. A chair is also present, situated near the left side of the garden. The overall atmosphere of the garden is inviting and well-maintained, making it an ideal","The image features a large indoor garden exhibit with a variety of plants and decorative elements. The garden features a small house, a fence, and a fountain, creating a cozy and inviting atmosphere. The garden is filled with a variety of plants, including potted plants and trees, which are placed throughout the exhibit.

In addition to the plants, there are several vases and vases placed throughout the exhibit, adding to the overall aesthetic of the garden. The vases come in different sizes and colors, adding variety to the display. The exhibit also features a f"
427986,COCO_val2014_000000427986.jpg,3,3,3,0,0,0,1,0,0,1,,,,person,"The image features a dog in a park, running towards a red frisbee that is flying through the air. The dog appears to be enjoying the game and is focused on catching the frisbee. The park is surrounded by trees, providing a natural and serene environment for the dog's playtime.

In the background, there are several cars parked, likely belonging to the park visitors. The scene captures the joyful and active atmosphere of the park, with the dog and the frisbee as the main focus.","The image features a dog in a park, running towards a red frisbee that is flying through the air. The dog is in the middle of the scene, with the frisbee positioned slightly above and to the left of the dog. The dog appears to be focused on the frisbee, possibly preparing to catch it.

The park is surrounded by trees, providing a natural and serene environment for the dog to play in. There are several cars parked in the background, indicating that the park is likely a popular spot for people to visit and enjoy outdoor activities."
428178,COCO_val2014_000000428178.jpg,1,1,1,0,0,0,0,0,0,0,,,,,"The image features a group of zebras standing together in a dirt field. There are nine zebras in total, with some standing closer to the foreground and others further back. They are all facing the same direction, possibly looking at something in the distance.

The zebras are spread out across the field, with some standing closer to the left side, others in the middle, and a few on the right side. The scene captures the beauty and natural behavior of these animals in their natural habitat.","The image features a group of zebras standing together in a dirt field. There are a total of nine zebras in the scene, with some standing closer to the foreground and others further back in the field. The zebras are standing in a line, forming a small herd.

The zebras are positioned in various directions, with some facing the camera and others facing away. The zebras are standing on a dirt field, which is their natural habitat. The zebras appear to be in a relaxed state, enjoying their time together in the field."
428769,COCO_val2014_000000428769.jpg,2,2,2,0,0,0,0,0,0,0,,,,,"The image features a black Mercedes parked on the side of the road. The car has a California license plate, which reads ""SUPER BAD."" The license plate is clearly visible on the back of the car.

In the background, there is a parking meter, which is located near the right side of the car. The parking meter is positioned close to the car, indicating that the vehicle is parked in a designated parking spot.","The image features a black Mercedes parked on the street, with a California license plate on the back. The license plate reads ""SUPER BAD."" The car is parked next to a parking meter, which is located on the sidewalk. The parking meter is positioned close to the car, and the parking meter is visible in the foreground of the image."
430546,COCO_val2014_000000430546.jpg,2,2,2,0,0,1,0,1,0,0,,,bicycle,,"The image captures a thrilling moment of a motorcycle rider skillfully performing a wheelie on a street. The rider is wearing a helmet and is in the middle of the action, with the motorcycle's front wheel lifted off the ground. The rider appears to be leaning back, maintaining balance and control during the stunt.

The scene takes place on a street with a fence visible in the background. The motorcycle is the main focus of the image, with the rider's body and the bike's position in the frame emphasizing the excitement and daring","The image captures a thrilling moment of a motorcycle rider skillfully riding a motorcycle on a street. The rider is skillfully leaning into a turn, showcasing their expertise and control over the motorcycle. The motorcycle is positioned in the center of the image, with the rider skillfully maneuvering the motorcycle around a curve.

The scene also features a motorcycle rider wearing a helmet, which is essential for the rider's safety during the ride. The motorcycle is a prominent feature in the image, with the motorcycle rider"
431479,COCO_val2014_000000431479.jpg,2,1,1,1,0,0,1,0,0,1,handbag,,,vase,"The image features a store window display with a variety of umbrellas and handbags. There are three umbrellas in the display, with one on the left side, one in the middle, and another on the right side. The umbrellas are of different sizes and colors, adding visual interest to the display.

In addition to the umbrellas, there are several handbags placed throughout the window. Some handbags are located near the umbrellas, while others are placed separately. The handbags come in various sizes and colors, complementing the umbrellas","The image features a store window display featuring a variety of umbrellas and umbrella-related items. There are several umbrellas displayed in the window, with some placed on the ground and others hanging from the window. The umbrellas come in different sizes and colors, creating an eye-catching display.

In addition to the umbrellas, there are several umbrella-related items displayed in the window, such as umbrella stands and umbrella-shaped vases. These items are placed throughout the window display, adding to the overall visual appeal of the display"
432234,COCO_val2014_000000432234.jpg,2,2,1,1,1,0,0,0,0,0,chair,couch,,,"The image features a cozy scene of two stuffed teddy bears sitting next to each other on a chair. The first teddy bear is positioned on the left side of the chair, while the second teddy bear is on the right side. The chair is a prominent element in the scene, occupying a significant portion of the image. The two teddy bears appear to be enjoying each other's company, creating a warm and inviting atmosphere.","The image features a brown teddy bear sitting next to a smaller brown teddy bear on a yellow couch. The two teddy bears are positioned close to each other, creating a sense of companionship. The couch is a prominent feature in the scene, occupying a significant portion of the image. The teddy bears are placed on the couch, with the larger teddy bear occupying a larger portion of the couch, while the smaller teddy bear is positioned next to it."
432309,COCO_val2014_000000432309.jpg,1,1,1,0,0,2,1,2,0,1,,,car; person,clock,"The image features a black motorcycle parked on a brick road near a body of water. The motorcycle is positioned close to the water, with a beautiful view of the lake in the background. The scene appears to be set during sunset, adding a serene atmosphere to the image.

In addition to the motorcycle, there is a car parked further back in the scene, and a person can be seen standing near the water, possibly enjoying the view or taking a break from their journey.","The image features a black motorcycle parked on a brick road near a body of water. The motorcycle is positioned on the side of the road, with the motorcycle's front wheel facing the water. The motorcycle is parked on a brick road, which is adjacent to a brick walkway.

The scene also features a clock mounted on a pole, located near the motorcycle. The clock is positioned on the right side of the image, close to the water. The clock's presence adds a sense of time and place to the scene."
434693,COCO_val2014_000000434693.jpg,2,2,2,0,0,1,2,1,0,2,,,person,stop sign; truck,"The image features a white fire hydrant situated on the sidewalk next to a pink building. The fire hydrant is prominently visible, with its top and bottom parts clearly visible. The hydrant is connected to a chain, which is likely used to secure it to the ground.

In the background, there are two cars parked on the street, one closer to the left side of the image and the other further to the right. Additionally, there is a person standing near the left edge of the image, possibly observing the scene or walking by.","The image features a white fire hydrant situated on the sidewalk next to a pink building. The fire hydrant is located on the sidewalk, close to the curb, and is positioned near the curb. The hydrant is connected to a chain, which is likely used to secure it in place.

In the background, there is a car parked on the street, and a truck is visible further down the street. The scene also features a stop sign, indicating that the area is a designated intersection."
435208,COCO_val2014_000000435208.jpg,6,6,6,0,0,1,0,1,0,0,,,bottle,,"The image features a woman sitting on a couch in a living room, watching television. She is positioned in the center of the room, with the TV placed in front of her. The room is furnished with a dining table and a couple of chairs, one of which is placed near the woman and the other one is located further back in the room.

There are two laptops in the room, one on the dining table and the other on a surface closer to the woman. A few bottles can be seen scattered around the room, with one near the woman and the others placed on the d","The image features a woman sitting on a couch in a living room, watching television. She is sitting on a couch that is placed in the middle of the room. The room is furnished with a couch, a dining table, and a TV. 

There are two TVs in the room, one larger TV on the left side of the room and a smaller TV on the right side. The room also features a dining table with a laptop on it, a dining table with a laptop and a laptop on the dining table. There are two chairs in the room, one near the c"
435922,COCO_val2014_000000435922.jpg,4,4,4,0,0,2,0,2,0,0,,,car; cell phone,,"The image features a cat sitting on a wooden desk, looking at the camera with a curious expression. The cat is positioned near the center of the desk, surrounded by various items. There are two books on the desk, one located towards the left side and the other on the right side. A remote control can be seen on the right side of the desk, and a cell phone is placed closer to the right edge. Additionally, there is a car visible in the background, possibly a toy or a decoration.","The image features a cat sitting on a wooden desk, looking at the camera with a curious expression. The cat is positioned on the desk, occupying a significant portion of the desk's surface. 

The desk is cluttered with various items, including a remote control, a remote control remote, a remote control remote, and a remote control remote. There are also two books on the desk, one located near the top left corner and the other near the top right corner. Additionally, there is a remote control remote on the desk, and a remote control remote on the desk."
435937,COCO_val2014_000000435937.jpg,4,3,3,1,0,0,0,0,0,0,chair,,,,"The image features a man riding a bicycle down a sidewalk, with a bench visible in the background. The man is wearing a jacket and appears to be enjoying his ride. The bench is located on the right side of the scene, and another bench can be seen further back in the image.

There are two chairs in the scene, one near the center and another towards the right side. The chairs are placed on the sidewalk, possibly for people to sit and relax. The overall atmosphere of the image is that of a pleasant outdoor setting where people can enjoy their time","The image features a man riding a bicycle down a sidewalk, passing by a bench. The man is riding a bicycle on the sidewalk, and the bicycle is positioned in the middle of the scene. The man is wearing a jacket, which suggests that the weather might be cool or chilly.

There are two benches in the scene, one located near the center of the image and another further to the right. The benches are positioned along the sidewalk, providing a place for pedestrians to sit and relax."
43613,COCO_val2014_000000043613.jpg,2,2,2,0,0,0,1,0,0,1,,,,bicycle,"The image captures a thrilling moment of a person performing a daring stunt on a motorcycle. The person is upside down, holding onto the handlebars of the motorcycle while it is in mid-air. The motorcycle is positioned in the center of the scene, with the rider's body suspended above it.

The background features a cloudy sky, adding to the dramatic atmosphere of the scene. The rider's skill and daring are evident in this impressive display of motorcycle stunt riding.","The image captures a thrilling moment of a person performing a daring stunt on a dirt bike. The person is upside down on the dirt bike, showcasing their impressive skills and control over the motorcycle. The dirt bike is positioned in the air, with the rider's body suspended above the bike.

The scene takes place in a cloudy sky, adding to the dramatic atmosphere of the stunt. The dirt bike is prominently featured in the image, with the rider's body and the bike's position"
436183,COCO_val2014_000000436183.jpg,3,3,3,0,0,1,0,1,0,0,,,chair,,"The image features a woman standing on a tennis court, holding a tennis racket and preparing to hit a tennis ball. She is wearing a white shirt and a blue skirt, and her tennis outfit is complete with a visor. The tennis ball is in the air, close to her racket, as she is in the process of swinging it.

The tennis court is surrounded by a fence, and there is a chair located near the edge of the court. The scene captures the woman's focus and determination as she plays the game.","The image features a woman playing tennis on a tennis court. She is holding a tennis racket and is in the process of swinging it, preparing to hit the tennis ball. The tennis ball is in the air, close to the tennis racket. The woman is wearing a white shirt and a white hat, which is a common attire for tennis players.

The tennis court is surrounded by a chain-link fence, providing a secure boundary for the tennis court. The tennis court is located on a tennis court court, which is a tennis court court."
436883,COCO_val2014_000000436883.jpg,3,3,3,0,0,2,0,2,0,0,,,handbag; traffic light,,"The image depicts a busy city street with a green bus driving down the road, surrounded by other vehicles. There are several cars and a truck visible in the scene, with some of them positioned behind the bus and others in front of it. 

In addition to the vehicles, there are multiple people walking along the street, with some of them carrying handbags. A traffic light can be seen on the right side of the street, indicating the flow of traffic. The overall atmosphere of the scene is bustling and lively, typical of a city street.","The image depicts a busy street scene with a green bus driving down the street, surrounded by other vehicles. The green bus is positioned in the middle of the scene, and it appears to be a public transit bus. There are several other vehicles on the street, including a truck and a few cars, some of which are parked or stopped.

In addition to the vehicles, there are several people visible in the scene, some of whom are walking or standing on the sidewalk. A few pedestrians can be seen near the bus, while others are scattered throughout the scene. The presence of people"
438024,COCO_val2014_000000438024.jpg,2,2,2,0,0,1,0,1,0,0,,,person,,"The image features a picturesque canal in a city, with several boats floating along the waterway. There are at least nine boats visible in the scene, with some of them being small and others larger. Some of the boats are docked near the edge of the canal, while others are floating further away.

In addition to the boats, there are two bicycles parked near the canal, one closer to the left side and the other near the center of the scene. A person can be seen standing near the center of the image, possibly enjoying the view or attending to one of the boats. The overall atmosphere","The image features a canal in a city with several boats floating along the waterway. The canal is lined with buildings, creating a picturesque scene. There are several boats of various sizes, including a couple of small boats and a larger boat in the middle of the canal.

In addition to the boats, there are several bicycles parked along the canal, with some bicycles located near the buildings and others closer to the water. A few bicycles are also parked near the larger boat in the canal.

There are also a few bicycles parked near the buildings, adding to the"
438059,COCO_val2014_000000438059.jpg,1,1,1,0,0,3,2,1,2,0,,,book,,"The image features a black and white cat sitting on a carpeted floor, wearing a red bow around its neck. The cat appears to be looking at the camera, possibly posing for a picture. The room has a Christmas theme, as there are Christmas lights visible in the background.

In addition to the cat, there are several books scattered around the room, with some placed on the floor and others on a surface nearby. A chair can also be seen in the background, adding to the cozy atmosphere of the scene.","The image features a black and white cat sitting on a carpeted floor, wearing a red bow around its neck. The cat appears to be looking at the camera, possibly posing for a photo. The cat is positioned in the center of the image, with the red bow adding a touch of color to the scene.

The room features a Christmas tree in the background, adding a festive touch to the scene. The room also features a chair and a chair cushion, which are placed near the cat. Additionally, there is a chair cushion on the floor, and a chair cushion on"
439630,COCO_val2014_000000439630.jpg,2,2,2,0,0,1,1,0,1,0,,,,,"The image features a white plate filled with two delicious blueberry pancakes, each topped with blueberries. The plate is placed on a dining table, and there is a bowl of ice cream nearby, adding a sweet touch to the meal. The pancakes are accompanied by a side of blueberries, further enhancing the presentation and taste of the dish.","The image features a white plate filled with two delicious pancakes, each topped with blueberries. The pancakes are accompanied by a bowl of blueberries, which are scattered around the plate, adding a burst of color to the presentation. The plate is placed on a dining table, ready to be enjoyed.

In addition to the pancakes and blueberries, there is a bowl of ice cream on the table, offering a sweet treat to accompany the pancakes. The combination of pancakes, blueberries, and ice cream creates a delightful and"
439854,COCO_val2014_000000439854.jpg,2,3,2,0,1,1,1,0,1,0,,skateboard,,,"The image captures a lively beach scene with a skateboarder performing a trick in the air, surrounded by a crowd of people. There are at least 13 people in the scene, some of them watching the skateboarder and others enjoying the beach atmosphere.

A bicycle is parked on the right side of the image, and a bench can be seen in the middle of the scene. The skateboarder is in the center of the image, with the sun setting in the background, creating a beautiful and dynamic scene.","The image captures a lively beach scene with a skateboarder performing a trick on a skateboard ramp. The skateboarder is in the middle of the scene, skillfully executing the trick. 

There are several people around the skateboarder, watching the performance and enjoying the beach atmosphere. Some of them are standing close to the skateboarder, while others are scattered around the beach. 

In addition to the skateboarder, there are two bicycles in the scene, one near the skateboarder and the other further away. A bench"
442223,COCO_val2014_000000442223.jpg,3,3,3,0,0,1,1,1,0,1,,,handbag,bicycle,"The image features a man standing in front of a white building, possibly a church, with a cow nearby. The cow is positioned on the left side of the man, and there is a motorcycle parked in front of the building. 

In addition to the man and the cow, there are several other people in the scene, some of whom are standing closer to the building, while others are further away. A few of the people are carrying handbags, with one person holding a handbag on the right side of the scene and another person holding a handbag on the left side.","The image features a man standing in front of a white building, possibly a church, with a cow nearby. The man appears to be walking the cow, possibly leading it to the building. The cow is positioned on the left side of the image, while the man is on the right side.

In the scene, there are several people present, some of whom are standing near the man and the cow, while others are scattered throughout the scene. A motorcycle is parked near the center of the image, and a bicycle is located on the right side of the image.

There are also a few people"
442456,COCO_val2014_000000442456.jpg,3,3,3,0,0,0,0,0,0,0,,,,,"The image features a parking lot with several cars and trucks parked in it. A man is standing next to a white truck, which appears to be a stretched-out pickup truck with a flatbed. The truck is parked in the middle of the parking lot, and the man is standing close to it.

There are other cars and trucks parked around the lot, with some positioned closer to the foreground and others further in the background. A few people can be seen in the scene, with one person standing near the white truck and another person standing further","The image features a man standing next to a white truck that has been modified to resemble a monster truck. The truck is parked in a parking lot, surrounded by other vehicles. The man appears to be observing the truck, possibly admiring the modifications or admiring the truck's appearance.

In the parking lot, there are several other vehicles, including cars and trucks, parked around the truck. Some of the cars are parked close to the truck, while others are parked further away. The parking lot appears to be a busy parking"
446209,COCO_val2014_000000446209.jpg,5,5,5,0,0,0,0,0,0,0,,,,,"The image depicts a group of people, including a man and three children, enjoying a day outdoors in a park. They are flying a colorful kite together, with the kite soaring high in the sky. 

In the background, there are several cars parked, and a bicycle can be seen leaning against a nearby object. A bench is also visible in the park, providing a place for people to sit and relax. The scene captures a fun and lively atmosphere as the family spends quality time together outdoors.","The image depicts a group of people, including a man and three children, enjoying a day outdoors in a park. They are standing on a grassy field, with the man holding a colorful kite, preparing to fly it. The children are eagerly watching the man as he gets ready to fly the kite.

In the background, there are several cars parked nearby, and a bicycle can be seen parked nearby as well. Additionally, there are two benches in the park, one near the left side of the image and another further back. A bicycle is"
447364,COCO_val2014_000000447364.jpg,2,2,2,0,0,1,1,0,1,0,,,,,"The image is a black and white photograph of a young boy riding a skateboard on a sidewalk. He is crouched down, possibly preparing to perform a trick or simply enjoying his ride. The skateboard is positioned underneath him, with the wheels visible.

The scene takes place on a street, with a bench located nearby. The bench is situated on the left side of the image, and the boy is positioned in the center of the scene. The overall atmosphere of the image is nostalgic and captures the essence of youthful skateboarding","The image is a black and white photograph of a young boy riding a skateboard on a sidewalk. The boy is crouched down on the skateboard, possibly preparing to perform a trick or simply enjoying the ride. The skateboard is positioned in the center of the image, with the boy's body centered around it.

The sidewalk appears to be a part of a city street, as there is a bench located on the sidewalk, slightly to the right of the boy. The bench is positioned near the edge of the sidewalk, providing a place for ped"
448211,COCO_val2014_000000448211.jpg,1,2,1,0,1,1,1,0,1,0,,bird,,,"The image features a woman sitting on a bench, smiling and enjoying the sight of a bald eagle flying overhead. The eagle is soaring through the air, capturing the woman's attention. The scene appears to be set in a park or a similar outdoor location.

The woman is seated on the bench, which is positioned towards the left side of the image. The eagle is flying towards the right side of the image, with its wings spread wide, creating a majestic silhouette against the sky.","The image features a woman sitting on a bench, smiling and enjoying the sight of a bald eagle flying overhead. The eagle is soaring high in the sky, capturing the woman's attention. The woman appears to be enjoying the bird's presence and the serene atmosphere.

The bench is located near a fence, and the woman is seated on the bench, facing the eagle flying overhead. The scene captures a moment of joy and appreciation for nature."
449594,COCO_val2014_000000449594.jpg,4,3,3,1,0,2,0,2,0,0,backpack,,cup; handbag,,"The image depicts a cozy hotel room with two twin beds placed side by side. The beds are covered with plaid blankets, adding a touch of warmth and comfort to the room. The room also features a chair and a dining table, creating a comfortable space for relaxation and dining.

In addition to the furniture, there are several items scattered throughout the room. A backpack can be seen on the floor, and a handbag is placed near the beds. A cup is also visible on the dining table, possibly containing a beverage for the guests. The room","The image depicts a cozy hotel room with a neatly made bed, a bedside table, and a window. The room features a checkered bedspread, adding a touch of charm to the room. The room is furnished with two beds, one on the left side of the room and another on the right side. 

There are two chairs in the room, one near the left bed and another near the right bed. A dining table is also present in the room, located near the right bed. A chair is placed near the dining table, and a chair is positioned near"
449856,COCO_val2014_000000449856.jpg,1,1,1,0,0,0,0,0,0,0,,,,,"The image features two large brown bears standing in a grassy field, facing each other and engaging in a playful interaction. They appear to be playfully wrestling or fighting, with one bear's mouth open, possibly growling or yawning. The bears are positioned close to each other, with one bear on the left side of the image and the other on the right. The scene captures the dynamic and energetic nature of these animals in their natural habitat.","The image features two large brown bears standing in a grassy area, facing each other and engaging in a playful interaction. The bears are positioned close to each other, with one bear on the left side and the other on the right side of the image. They appear to be playfully wrestling or interacting with each other, possibly as a form of social bonding or play. The scene takes place in a grassy area, providing a natural environment for the bears to interact."
451120,COCO_val2014_000000451120.jpg,4,4,4,0,0,3,2,1,2,0,,,handbag,,"The image features a woman standing in a room, smiling and holding a large wooden spoon. She appears to be in a kitchen setting, surrounded by various items. There are multiple bowls on the table, with one large bowl in front of her and two smaller bowls nearby. 

A couple of bottles can be seen on the table as well, one near the center and another towards the right side. A chair is positioned in the background, and a handbag is placed on the floor to the right of the woman. The scene suggests that she is preparing a meal or engaging in some","The image features a woman standing in a room, smiling and holding a large wooden spoon. She is surrounded by various kitchen items, including a bowl, a spoon, and a couple of bottles. The woman appears to be in a kitchen setting, possibly preparing a meal or a dish.

The room also features a dining table with a bowl placed on it, and a chair nearby. There are two bottles in the room, one located near the woman and the other one further away. Additionally, there is a spoon placed on the table, and a spoon is also visible"
453330,COCO_val2014_000000453330.jpg,1,1,1,0,0,0,0,0,0,0,,,,,"The image features a small bird perched on a branch in a wooded area. The bird is surrounded by a dense forest, with leaves and branches covering the ground. The bird appears to be looking at the camera, possibly curious about its presence. The scene captures the beauty of nature and the bird's natural habitat.","The image features a small bird perched on a branch in a wooded area. The bird is surrounded by a dense forest, surrounded by leaves and branches. The bird appears to be looking around, possibly searching for food or observing its surroundings. The bird's position on the branch suggests that it is comfortable and at ease in its natural habitat."
453824,COCO_val2014_000000453824.jpg,3,2,2,1,0,5,3,2,3,0,book,,dining table; remote,,"The image depicts a cozy living room with a flat-screen TV mounted on the wall. The room is furnished with a couch, a chair, and a dining table. There is also a small bird cage hanging on the wall, adding a touch of charm to the space.

In addition to the furniture, the room features a collection of books scattered around, as well as a few bottles placed on surfaces. A remote control can be seen on the couch, likely for operating the TV. The overall atmosphere of the room is inviting and comfortable, perfect for relaxation and entertain","The image depicts a cozy living room with a flat-screen TV mounted on the wall. The TV is turned on, displaying a show or a program. The room features a comfortable couch situated in the background, and a chair is placed nearby. A chair is also positioned in the foreground, close to the TV.

The living room is decorated with various items, including a birdcage hanging on the wall, a bird inside the cage, and a birdcage hanging on the wall. There are also several bottles scattered around the room, adding to the cozy atmosphere."
455225,COCO_val2014_000000455225.jpg,2,2,2,0,0,2,2,1,1,1,,,banana,cake,"The image features two blue plastic containers filled with a variety of food items. The containers are placed on a red surface, which adds a pop of color to the scene. 

Inside the containers, there are several pieces of fruit, including apples, oranges, and bananas. The apples are scattered throughout the containers, with some placed near the top and others closer to the bottom. The oranges are also distributed across the containers, with some located near the top and others near the bottom. The bananas are found in both containers, with some placed in the middle and others towards the top.","The image features two blue plastic containers filled with a variety of food items. The containers are placed on a red surface, which adds a pop of color to the scene. The containers are filled with a mix of fruits, rice, and rice cakes, creating a visually appealing and healthy meal.

In one container, there are rice cakes, rice, and rice cakes with rice cakes. In the other container, there are rice cakes, rice, and rice cakes with rice cakes. The containers are filled with a variety of fruits, including apples, oranges,"
456261,COCO_val2014_000000456261.jpg,2,2,2,0,0,4,2,3,1,1,,,book; cup; handbag,chair,"The image features a man lying in bed, covered with a blanket. He appears to be sleeping or resting comfortably. The bed is situated in a room with a green bedspread, and the man is positioned in the center of the bed.

There are a few items placed around the room, including a bottle located near the top left corner, a cup on the right side of the bed, and a book placed on the bed, closer to the top right corner. Additionally, there is a handbag situated near the right edge of the bed.","The image features a man lying in bed, covered in a blanket. He is wearing a grey shirt and appears to be sleeping or resting comfortably. The bed is positioned in a corner of the room, and the man is lying on his side.

The room features a bed with a green bedspread, and there is a chair located near the bed. Additionally, there are two bottles in the room, one near the top left corner and the other near the top right corner. A chair is also present in the room, located near the bed."
457907,COCO_val2014_000000457907.jpg,2,3,2,0,1,0,0,0,0,0,,bench,,,"The image features a family of four, including two adults and two children, riding on the back of an elephant. The family is enjoying their time together, with the children sitting on the elephant's back and the adults standing behind them. The elephant is carrying the family through a forest, providing them with a unique and exciting experience.

The family appears to be having a great time, as they are all smiling and waving at the camera. The scene captures the joy and excitement of the family's adventure on the elephant.","The image features a family of four, including two adults and two children, riding on the back of an elephant. The family is enjoying their time together, with the family members sitting on a bench on the elephant's back. The elephant is carrying the family through a forest, providing them with a unique and memorable experience.

The family members are seated in a line, with the adults sitting in the middle and the children sitting on either side. The family appears to be enjoying their time together, enjoying the unique experience of riding an elephant."
458073,COCO_val2014_000000458073.jpg,4,4,4,0,0,3,0,3,0,0,,,potted plant; refrigerator; tv,,"The image is a black and white photo of a room with a desk and a chair. The desk is filled with various items, including a clock, a radio, and a book. There are also two chairs in the room, one near the desk and another further away. 

In addition to the desk, there is a TV on the left side of the room, and a refrigerator can be seen in the background. A potted plant is placed near the right side of the room, adding a touch of greenery to the space.","The image is a black and white photograph of a room with a desk and a desk chair. The desk is filled with various items, including a desk lamp, a clock, and a book. The desk is also equipped with a desk lamp and a clock, providing a functional workspace.

The room features a desk chair placed in front of the desk, and a chair is also present in the room. The room features a clock on the wall, and a clock is also visible on the desk. The desk is surrounded by various items, including a book, a clock,"
458632,COCO_val2014_000000458632.jpg,3,3,3,0,0,1,0,1,0,0,,,sports ball,,"The image captures a baseball game in progress, with a batter standing at home plate, holding a baseball bat and preparing to swing. The catcher is positioned behind the batter, ready to catch the ball. 

There are several other players on the field, including a pitcher and a few other players in various positions. A baseball glove can be seen in the scene, likely belonging to one of the players. The atmosphere is lively, with a crowd of spectators watching the game from the stands.","The image captures a baseball game in progress, with a batter standing at home plate, holding a baseball bat and preparing to swing. The batter is surrounded by a crowd of people, including teammates and opponents, who are watching the game intently.

There are several people in the scene, with some standing closer to the batter and others further away. Some of the people are wearing baseball gloves, indicating their roles as fielders or infielders. The atmosphere is lively, with the crowd eagerly anticipating the outcome of the batter's swing."
459195,COCO_val2014_000000459195.jpg,2,2,2,0,0,1,0,1,0,0,,,cell phone,,"The image features a group of three people sitting on a log in a forest, enjoying a game of frisbee. They are all smiling and appear to be having a good time. Two of the individuals are holding frisbees, while the third person is holding a cell phone.

The scene is set in a wooded area, with trees surrounding the group. There are a few more frisbees scattered around the scene, indicating that they might have been playing with multiple frisbees. The overall atmosphere is lively and fun, as the group of friends spends time together in the out","The image features a group of three people sitting on a log in a forest, enjoying a game of frisbee. They are all holding frisbees, with one frisbee in the air and two others in their hands. The group appears to be enjoying their time together, possibly taking a break from their frisbee game.

The group consists of two men and a woman, all sitting on the log and engaging in the activity. The frisbees are visible in various positions, with one frisbee in the air and the other two in their hands. The scene"
459645,COCO_val2014_000000459645.jpg,2,2,2,0,0,0,0,0,0,0,,,,,"The image captures a thrilling moment of a snowboarder in mid-air, performing a jump off a snowy hill. The snowboarder is in the center of the scene, soaring through the air with their snowboard clearly visible beneath them. The snowboarder's body is positioned horizontally, showcasing their skill and control during the jump.

The surrounding landscape features a mountainous area with snow-covered hills and trees, creating a picturesque winter scene. The snowboarder's jump is the focal point of the image, highlighting the excitement and adventure of","The image captures a thrilling moment of a snowboarder in mid-air, performing a jump off a snowy hill. The snowboarder is skillfully riding a snowboard, showcasing their skill and skillfulness. The snowboarder is the main focus of the image, with the snowboarder's snowboard clearly visible in the air.

The image captures the snowboarder's jump from a high vantage point, providing a clear view of the snowboarder's jump and the snowboarder's snowboard in the air. The image captures the excitement"
459967,COCO_val2014_000000459967.jpg,2,2,2,0,0,1,1,0,1,0,,,,,"The image features a kitchen counter with a variety of carrots and a knife. There are several carrots of different sizes and shapes, some of which are placed on the counter, while others are still attached to their roots. The knife is lying on the counter, ready to be used for peeling or cutting the carrots.

In addition to the carrots and knife, there is a bottle on the counter, possibly containing a beverage or a cooking ingredient. The scene gives off a sense of a freshly prepared meal or a cooking session in progress.","The image features a countertop with a cutting board on a green countertop. On the cutting board, there are several carrots and a knife. The carrots are of various sizes and are spread across the cutting board. Some of the carrots are placed closer to the knife, while others are positioned further away.

In addition to the carrots and knife, there is a bottle of beer placed on the countertop, adding a touch of relaxation to the scene. The countertop is also adorned with a few carrots placed on the countertop, adding"
460156,COCO_val2014_000000460156.jpg,2,1,1,1,0,1,0,1,0,0,traffic light,,car,,"The image features a large blue sign with white arrows pointing in different directions, likely indicating directions to various destinations. The sign is located on a bridge, and there are two people standing nearby, possibly admiring the sign or waiting to cross the bridge.

In the background, there are several traffic lights, with one on the left side of the image and two more on the right side. The traffic lights are positioned at different heights, with one being higher than the others. The scene also includes a car parked on the left side of the image, and a building can be seen in the background, adding to","The image features a large blue sign with a blue arrow pointing to the right, indicating the direction to Nagoya. The sign is located on a bridge, possibly a pedestrian overpass, and is positioned above a street. 

There are two people in the image, one standing near the left side of the image and another person closer to the right side. The people appear to be walking or standing near the bridge, possibly admiring the sign or waiting to cross the bridge."
460461,COCO_val2014_000000460461.jpg,3,3,3,0,0,1,0,1,0,0,,,bicycle,,"The image depicts a group of young men gathered on a sidewalk, enjoying their time together. They are sitting on a bench and standing around, with some of them holding skateboards. There are a total of four skateboards visible in the scene, with one near the left side of the bench, another in the middle, and two more on the right side.

In addition to the skateboarders, there are several other people in the scene, some of whom are standing and others sitting on the bench. A bicycle can also be seen parked on the sidewalk,","The image depicts a group of young men gathered on a sidewalk, enjoying their time together. They are all sitting on benches, with some of them holding skateboards. There are a total of four skateboards visible in the scene, with one skateboard placed on the ground near the center of the scene, another on the left side, and two more on the right side.

In addition to the skateboarders, there are several other people in the scene, some of whom are also sitting on benches. A few people are standing around, and a few more are walking by."
462643,COCO_val2014_000000462643.jpg,2,2,2,0,0,0,0,0,0,0,,,,,"The image features a person holding a cell phone in their hand, with the back of the phone removed. The back of the cell phone is open, revealing the internal components, including the screen and the battery. The person is holding the phone in a way that allows them to easily view the internal parts.

The cell phone is placed in a room, and the person appears to be focused on the device. The room has a wooden floor, which adds to the overall ambiance of the scene.","The image features a person holding a cell phone in their hand, with the phone's back removed. The person is holding the cell phone in their hand, showcasing the back of the phone. The back of the phone is open, revealing the internal components of the phone. The person is likely examining the phone's internal components or attempting to repair the device."
462756,COCO_val2014_000000462756.jpg,3,2,2,1,0,1,1,0,1,0,car,,,,"The image features a large motorcycle parked on a dirt road in front of a barn. The motorcycle is prominently positioned in the foreground, occupying a significant portion of the scene. 

In the background, there are several vehicles, including a truck and a car, parked near the barn. Additionally, there are two people visible in the scene, one standing closer to the left side of the image and the other near the center. The overall atmosphere of the image suggests a rural setting with a mix of vehicles and people.","The image features a motorcycle parked on a dirt road, with a motorcycle helmet placed on the handlebars. The motorcycle is positioned on the side of the road, and the motorcycle helmet is placed on the handlebars, indicating that the rider has taken a break or is nearby.

In the background, there is a truck parked on the road, and a truck truck is also visible in the background. The scene appears to be set in a rural or rural-like area, with a farmhouse nearby. The dirt road and the presence of the truck suggest"
464006,COCO_val2014_000000464006.jpg,3,3,3,0,0,0,0,0,0,0,,,,,"The image features a black motorcycle parked on the side of a street, with its front wheel turned sideways. The motorcycle is positioned on the sidewalk, taking up a significant portion of the scene. 

In the background, there are several cars parked along the street, with some closer to the motorcycle and others further away. Additionally, there are two fire hydrants visible in the scene, one near the center and the other towards the right side of the image.","The image features a black motorcycle parked on the side of a street, with its front wheel turned sideways. The motorcycle is parked on the side of the street, and it appears to be in a somewhat unusual position. 

The street is lined with parked cars on both sides of the street, and there are several cars parked along the street. Additionally, there are a few cars parked on the side of the street, and a few cars are parked further down the street. The scene also features a fire hydrant located near the parked cars."
464144,COCO_val2014_000000464144.jpg,2,1,1,1,0,0,0,0,0,0,skis,,,,"The image features a man skiing down a snow-covered slope, wearing a green jacket and a hat. He is holding ski poles in his hands, maintaining balance and control as he glides down the hill. The man appears to be enjoying his time on the slopes, surrounded by a beautiful winter landscape.","The image features a man skiing down a snow-covered slope, wearing a green jacket and a green jacket. He is skiing down the slope with a smile on his face, enjoying the winter sport. The man is skiing on a snowy slope, surrounded by a snowy landscape.

There are a few other people in the scene, but they are not the main focus of the image. The main focus is on the man skiing down the slope, enjoying his skiing experience."
465007,COCO_val2014_000000465007.jpg,3,3,3,0,0,2,1,2,0,1,,,book; cell phone,bed,"The image features a person sitting in a dark room, working on two laptops placed on a table. The person is positioned on the left side of the room, with one laptop closer to the center and the other laptop slightly to the right. 

In addition to the laptops, there is a book located on the right side of the table, and a cell phone can be seen placed near the center of the table. The room appears to be a cozy space for the person to work and use their electronic devices.","The image features a person sitting in a dark room, working on two laptops placed on a table. The person is sitting on a bed, with one laptop on their lap and the other laptop placed on the table in front of them. The person is using both laptops simultaneously, likely for multitasking or working on different tasks.

The room appears to be dimly lit, creating a cozy and focused atmosphere for the person to work in. The laptops are the main focus of the image, with the person's presence and the room's atmosphere contributing to the overall atmosphere of the"
465552,COCO_val2014_000000465552.jpg,3,3,3,0,0,0,0,0,0,0,,,,,"The image features a dining table with a plate of food and a glass of water. The plate contains a delicious meal consisting of spaghetti, broccoli, and meat. The spaghetti is placed in the center of the plate, with broccoli pieces scattered around it. The meat is positioned on the left side of the plate.

A fork is placed on the left side of the plate, ready to be used for enjoying the meal. The glass of water is placed on the table, close to the plate, providing a refreshing beverage to accompany the meal.","The image features a dining table with a plate of food and a glass of water on the table. The plate contains a delicious meal consisting of pasta, broccoli, and meat. The plate is placed on a blue and white plate, and the plate is positioned on the table.

The glass of water is placed next to the plate, and a fork is also present on the table, ready to be used for enjoying the meal. The table setting creates a pleasant and inviting atmosphere for enjoying a meal."
465591,COCO_val2014_000000465591.jpg,4,4,4,0,0,1,1,1,0,1,,,cup,toothbrush,"The image features a cat sitting on top of a white toilet in a bathroom. The cat appears to be relaxed and comfortable in this unusual spot. The bathroom is equipped with a sink and a shower, which can be seen in the background.

There are several bottles scattered around the bathroom, with some placed near the sink and others near the shower. Additionally, there is a cup located on the left side of the bathroom.","The image features a cat sitting on top of a toilet in a bathroom. The cat is comfortably sitting on the toilet seat, possibly enjoying the warmth of the toilet seat. The bathroom features a toilet, a sink, and a shower.

There are several bottles scattered around the bathroom, with some placed near the sink and others near the sink and the sink area. Additionally, there are two toothbrushes in the bathroom, one near the sink and the other near the sink area."
466766,COCO_val2014_000000466766.jpg,5,4,4,1,0,0,0,0,0,0,cup,,,,"The image depicts a lively social gathering with a large group of people standing around a dining table, engaged in conversation and enjoying each other's company. There are at least 14 people visible in the scene, with some standing closer to the table and others further away.

The dining table is filled with various items, including numerous wine glasses, cups, and bottles. There are at least 13 wine glasses, some placed on the table and others held by the guests. Additionally, there are 11 cups scattered around the table, and 13 bott","The image depicts a lively gathering of people in a room, with a large group of people standing around a table filled with wine bottles and wine glasses. The crowd is gathered around the table, socializing and enjoying the wine tasting event.

There are numerous wine bottles and wine glasses on the table, as well as a few wine glasses scattered around the room. The people in the room are engaged in conversation and enjoying the wine tasting experience. The atmosphere appears to be lively and enjoyable, with people mingling and enjoying the wine tasting"
469329,COCO_val2014_000000469329.jpg,3,2,2,1,0,0,0,0,0,0,dining table,,,,"The image features a white plate with a hot dog on a bun, accompanied by a side of potato chips. The hot dog is placed in the center of the plate, and the chips are scattered around it. The plate is placed on a dining table, which occupies most of the background.

In addition to the main dish, there are two bottles in the scene. One bottle is located on the left side of the table, while the other is on the right side. The presence of these bottles suggests that the meal is being enjoyed in a casual setting.","The image features a hot dog on a bun, placed on a white plate. The hot dog is topped with mustard and relish, making it a delicious and appetizing meal. The hot dog is accompanied by a side of potato chips, adding a crunchy element to the meal.

In addition to the main dish, there are two bottles in the scene, one located on the left side of the image and the other on the right side. The bottles might contain condiments or beverages to complement the meal."
469609,COCO_val2014_000000469609.jpg,0,0,0,0,0,2,2,1,1,1,,,truck,person,"The image features a street sign with several different signs attached to it, including a ""no parking"" sign and a ""no trucks"" sign. The signs are placed in a row, with some of them written in a foreign language. The street sign is located near a tree, and there is a car parked nearby. The scene appears to be in a foreign country, as indicated by the presence of the foreign language signs.","The image features a street sign with several traffic signs attached to it, including a ""no parking"" sign and a ""no parking"" sign with a car symbol. The signs are placed on a pole, and the signs are written in both English and Chinese. The signs are placed in a way that they are easily visible to drivers and pedestrians.

The scene also features a tree in the background, adding a touch of nature to the urban setting. The street sign with the various signs is located near a tree, making it a prominent feature in the image."
469652,COCO_val2014_000000469652.jpg,1,1,1,0,0,0,0,0,0,0,,,,,"The image features a giraffe standing in a fenced enclosure, possibly in a zoo. The giraffe is looking at the camera, with its head turned to the side. The enclosure is surrounded by a wooden fence, and the giraffe appears to be the main focus of the scene.","The image features a giraffe standing in a fenced enclosure, possibly in a zoo or zoo-like environment. The giraffe is looking at the camera, with its head turned to the side. The giraffe's long neck and necklace of spots are clearly visible, making it a striking sight.

The enclosure features a wooden fence and a wooden fence post, which adds to the natural and rustic atmosphere of the enclosure. The giraffe appears to be calmly observing its surroundings, possibly enjoying the attention from the camera."
471567,COCO_val2014_000000471567.jpg,2,2,2,0,0,1,0,1,0,0,,,bench,,"The image features a giraffe standing in a fenced enclosure, possibly at a zoo. The giraffe is looking over the fence, possibly observing visitors or other animals in the vicinity. The enclosure is surrounded by a lush green forest, providing a natural and serene environment for the giraffe.

There are several people in the scene, some of them standing near the fence, while others are further away. A bench can be seen in the background, likely for visitors to sit and enjoy the view of the giraffe and the surrounding nature.","The image features a giraffe standing in a fenced enclosure, possibly at a zoo or a zoo-like facility. The giraffe is looking over the fence, possibly observing its surroundings or interacting with visitors. The giraffe is positioned near a fence, which is part of its enclosure.

There are several people in the image, likely visitors observing the giraffe from a safe distance. Some of them are standing near the fence, while others are scattered around the enclosure. The scene captures the giraffe's curiosity and the interest of the"
471955,COCO_val2014_000000471955.jpg,4,4,4,0,0,0,0,0,0,0,,,,,"The image features a person holding a remote control in their hand, pointing it towards a television screen. The television is located on the left side of the scene, and the person is standing in front of it. 

The television screen displays a picture of a vase filled with flowers, creating a pleasant and inviting atmosphere. The person appears to be interacting with the television, possibly changing channels or adjusting the volume.","The image features a person holding a remote control in front of a television screen. The television is displaying a picture of a vase filled with flowers, which the person is interacting with using the remote control. The person is likely adjusting the settings or changing channels on the television.

The television is positioned on the left side of the image, while the person holding the remote control is located on the left side as well. The television screen occupies a significant portion of the image, covering most of the image from left to right."
473215,COCO_val2014_000000473215.jpg,2,2,2,0,0,3,2,1,2,0,,,spoon,,"The image features a dining table with two glasses filled with delicious desserts. One glass is filled with a banana split, which includes a scoop of ice cream, a banana, and a cherry on top. The other glass is filled with a chocolate dessert, possibly a chocolate mousse or a chocolate shake.

In addition to the desserts, there are two spoons placed on the table, one near the banana split and the other near the chocolate dessert. A chair can be seen in the background, and a person","The image features a dining table with two glasses filled with delicious desserts. One glass is filled with a banana split, featuring a banana, a cherry, and a scoop of ice cream. The other glass is filled with a chocolate dessert, which could be a chocolate shake or a chocolate shake with chocolate chips. 

In addition to the desserts, there are two chairs placed around the table, one on the left side and the other on the right side of the table. A person can be seen in the background"
473994,COCO_val2014_000000473994.jpg,3,3,3,0,0,1,0,1,0,0,,,chair,,"The image features a white dog playing with a frisbee in a grassy field. The dog is holding the frisbee in its mouth, running and enjoying the game. There are two people in the scene, one standing near the left edge of the image and another person closer to the right side.

In addition to the dog and people, there are two chairs placed in the field, one near the left edge and the other closer to the center. The chairs seem to be unoccupied, possibly indicating that the people are taking a break from their activities or observing the dog playing with the","The image features a white dog playing with a frisbee in a grassy field. The dog is holding the frisbee in its mouth, running across the field with excitement. The dog is positioned towards the center of the image, and the frisbee is located towards the right side of the image.

In the background, there are two people standing in the field, possibly observing the dog's playful behavior or waiting for their turn to play. The field appears to be a spacious, open area, providing an ideal environment for the dog to enjoy its frisbee game"
474188,COCO_val2014_000000474188.jpg,1,1,1,0,0,2,1,1,1,0,,,chair,,"The image features a green metal bench situated on a dirt path, surrounded by trees and bushes. The bench is positioned on the side of the path, providing a comfortable spot for people to sit and relax. The bench is made of metal and has a wooden seat, giving it a classic and rustic appearance. The surrounding area is lush with greenery, creating a serene and peaceful atmosphere.","The image features a green metal bench situated on a dirt path, surrounded by a forest. The bench is positioned on a dirt road, providing a place for people to rest and enjoy the natural surroundings. The bench is situated near a hillside, providing a scenic view of the surrounding landscape. The bench is surrounded by a forest, providing a serene and peaceful atmosphere for visitors to relax and enjoy the tranquility of the forest."
474344,COCO_val2014_000000474344.jpg,2,2,2,0,0,1,1,0,1,0,,,,,"The image features a man in a black shirt and sunglasses, standing on a baseball field and holding a baseball bat. He is in the process of swinging the bat, possibly preparing to hit a ball. Another person is visible in the background, standing further away from the main subject.

The scene appears to be a casual baseball game, with the man in the foreground being the main focus. The presence of the baseball bat and the person in the background suggests that there might be more players or spectators in the area.","The image features a man in a black shirt and sunglasses swinging a baseball bat in a park. He is standing on a dirt mound, preparing to hit the ball. Another person is visible in the background, possibly watching the game or waiting for their turn to play.

The park is surrounded by a lush green field, providing a pleasant environment for the game. The man holding the baseball bat is the main focus of the image, showcasing his skill and determination as he swings the bat."
475484,COCO_val2014_000000475484.jpg,4,3,3,1,0,1,0,1,0,0,traffic light,,handbag,,"The image features a busy street with a yellow parking meter positioned on the sidewalk. The parking meter is decorated with a colorful design, making it stand out in the scene. There are several cars parked along the street, with one car parked close to the parking meter and others further away.

In addition to the cars, there are multiple people walking along the sidewalk, some of them carrying handbags. A traffic light is visible in the background, indicating the presence of an intersection. The overall atmosphere of the scene suggests a bustling urban environment.","The image features a busy street scene with a yellow parking meter on the sidewalk. The parking meter is decorated with a colorful painting, making it stand out in the scene. The street is lined with palm trees, adding a tropical touch to the scene.

There are several cars parked along the street, with one car parked close to the parking meter and others parked further away. A few people can be seen walking or standing on the sidewalk, contributing to the bustling atmosphere of the street."
475917,COCO_val2014_000000475917.jpg,2,2,2,0,0,2,0,2,0,0,,,bicycle; car,,"The image depicts a lively scene at a park, where a large group of people is gathered to fly kites. There are numerous kites of various sizes and colors soaring in the sky, creating a vibrant and colorful atmosphere. The people are spread out across the park, with some standing closer to the foreground and others further in the background.

In addition to the kites, there are a few bicycles and a car parked nearby, indicating that people have come to the park to enjoy the day and participate in the kite-flying activities. The park is a popular","The image depicts a lively scene at a park, where a large group of people has gathered to fly kites. There are numerous people scattered throughout the park, with some standing and others sitting on the grass. The park is filled with people of all ages, enjoying the outdoor activity together.

In the sky, there are numerous kites of various shapes and sizes, filling the sky with color and excitement. The kites can be seen at different heights and positions, creating a lively and l"
476279,COCO_val2014_000000476279.jpg,3,2,2,1,0,1,0,1,0,0,bench,,handbag,,"The image features a yellow and silver train traveling down the tracks in a subway station. The train is positioned in the middle of the scene, with its lights on, indicating that it is in motion. 

There are several people in the station, with some standing close to the train and others further away. A bench can be seen near the left side of the image, providing a place for passengers to sit while waiting for their train. Additionally, there is a handbag placed on the ground, likely belonging to one of the passengers.","The image features a yellow and yellow-orange train traveling down the tracks in a train station. The train is positioned in the middle of the scene, with the train station visible in the background. The train is moving along the tracks, and the train station appears to be a subway station.

There are several people in the scene, with some standing near the train and others scattered throughout the station. Some people are waiting for the train, while others are walking around the station. The people are scattered throughout the station, with some closer to the train and others further away."
480551,COCO_val2014_000000480551.jpg,2,2,2,0,0,0,0,0,0,0,,,,,"The image features a white plate with a slice of pizza on it. The pizza has been cut into two pieces, and one of the pieces is missing. The plate is placed on a dining table, and the pizza appears to be a tomato-based variety. 

There are a few green herbs scattered around the plate, adding a touch of color and flavor to the dish. The overall scene suggests a casual meal, with the pizza being the main focus of the dining experience.","The image features a white plate with a slice of pizza on it. The pizza is cut into two slices, and one slice is missing, leaving only one slice remaining. The plate is placed on a dining table, and the pizza slice is positioned in the center of the plate. The plate is decorated with a red and white plate, adding a touch of color to the scene."
481710,COCO_val2014_000000481710.jpg,5,5,5,0,0,1,0,1,0,0,,,bowl,,"The image features a small kitchen with a microwave oven sitting on a dining table. The microwave is placed on top of a stove, which has two pots on it. The table is surrounded by chairs, with one on the left side and another on the right side.

In addition to the microwave and stove, there are two cups on the table, one near the left side and the other near the right side. A bowl is also present on the table, located near the left side. The kitchen appears to be well-equipped for cooking and dining","The image features a small kitchen with a microwave oven sitting on a table. The microwave is placed on top of the microwave oven, which is positioned on the table. The microwave oven is surrounded by two pots, one on the left side and the other on the right side of the microwave. 

In addition to the microwave oven, there is a cup placed on the table, and a cup and a cup can be seen on the table as well. The kitchen also features a dining table, a chair, and a dining table with"
48196,COCO_val2014_000000048196.jpg,1,1,1,0,0,2,0,2,0,0,,,car; traffic light,,"The image features a yellow bus with a large advertisement on its side, promoting the Lion King. The bus is driving down a street, possibly in a city. There are several people visible in the scene, with some standing near the bus and others walking or standing further away.

In addition to the bus, there is a car parked on the side of the street, and a traffic light can be seen in the background. The overall atmosphere of the scene suggests a busy urban environment with people going about their daily activities.","The image features a yellow bus with a vibrant advertisement on its side, featuring a Lion King theme. The bus is parked on a street, possibly in a city or city center. The bus is quite large, occupying a significant portion of the image.

There are several people in the image, with one person standing near the bus and others scattered around the scene. Some of the people are closer to the bus, while others are further away, possibly walking or waiting for the bus to move."
48281,COCO_val2014_000000048281.jpg,5,5,5,0,0,3,4,0,3,1,,,,potted plant,"The image features a woman sitting in a chair, holding a large pink vase filled with flowers. She appears to be smiling and enjoying the moment. The vase is placed on a table in front of her, and the flowers inside the vase are visible.

In the room, there is a couch located to the right of the woman, and a cup can be seen on the table near the vase. Additionally, there is a cell phone placed on the table, and a remote control is located nearby.","The image features a woman sitting in a chair, holding a large pink vase filled with flowers. She is smiling and appears to be enjoying the moment. The vase is placed on a table, and the woman is holding the vase in her hands.

The room features a couch in the background, and a potted plant is located near the vase. There are also two cups placed on the table, one near the vase and the other further away. Additionally, there is a cell phone on the table, and a remote control can be seen nearby."
482951,COCO_val2014_000000482951.jpg,3,3,3,0,0,0,0,0,0,0,,,,,"The image features a young girl standing on a sidewalk near a body of water, holding a colorful kite. She appears to be enjoying her time outdoors, possibly preparing to fly the kite. The girl is wearing a striped dress, which adds a touch of color to the scene.

In the background, there are several cars parked along the waterfront, indicating that this location is a popular spot for people to visit and enjoy the view.","The image features a young girl standing on a sidewalk near a body of water, possibly a lake or a river. She is holding a colorful kite, which is positioned above her head. The girl appears to be enjoying her time outdoors, possibly preparing to fly the kite.

In the background, there are several cars parked along the side of the road, indicating that the area is a popular spot for people to visit and enjoy the scenery."
486175,COCO_val2014_000000486175.jpg,3,1,1,2,0,2,3,2,0,3,bowl; spoon,,cup; knife,oven; refrigerator; sink,"The image features two chefs, a man and a woman, working together in a kitchen. They are preparing food on a counter, with various dishes and utensils around them. There are multiple bowls, cups, and spoons placed on the counter, as well as a knife and a spoon.

The chefs are focused on their tasks, and they are surrounded by numerous plates of food. Some of these plates are placed on the counter, while others are on the floor. The chefs are wearing aprons, indicating their professional roles in the kitchen.","The image features two chefs, both women, working together in a kitchen. They are standing at a counter, preparing food and plating dishes. The kitchen is well-equipped with various kitchen appliances, including an oven and a refrigerator.

The chefs are focused on their task, and there are several plates of food on the counter, including a variety of dishes. The chefs are also wearing gloves, ensuring proper hygiene while preparing the food. The kitchen is equipped with a sink and a refrigerator, which are essential for"
48692,COCO_val2014_000000048692.jpg,4,2,2,2,0,0,0,0,0,0,dining table; orange,,,,"The image features a fruit stand with a variety of fruits on display. There are numerous bunches of bananas hanging from the ceiling, covering a significant portion of the stand. In addition to the bananas, there are apples and oranges arranged on the table, creating a colorful and inviting display.

The bananas are spread across the stand, with some hanging higher and others lower. The apples and oranges are placed in different sections of the table, adding to the overall variety of fruits available for purchase. The stand appears to be located in a market, offering a wide selection of","The image features a fruit stand with a variety of fruits on display. The stand is filled with a large number of bananas, which are hanging from hooks and hanging from the ceiling. There are also several apples displayed on the stand, adding to the variety of fruits available.

The fruit stand is located near a building, possibly a store or a market, and is set up in an outdoor area. The fruit stand is well-stocked, making it an attractive place for customers to purchase fresh fruits."
488567,COCO_val2014_000000488567.jpg,1,1,1,0,0,2,1,1,1,0,,,truck,,"The image depicts a highway with a green sign indicating the exit to the Pennsylvania Turnpike. The sign is positioned above the highway, providing guidance to drivers. The highway is surrounded by trees, giving the scene a serene atmosphere.

There are several cars on the road, with some positioned closer to the foreground and others further away. A truck can also be seen on the highway, driving in the same direction as the other vehicles. The scene captures the essence of a typical day on a highway with various vehicles traveling in the same direction.","The image depicts a highway with a highway sign indicating the exit to the Pennsylvania Turnpike. The highway sign is positioned above the highway, providing clear directions for drivers. The highway is surrounded by trees, giving the highway a scenic and serene atmosphere.

The highway is a four-lane highway, with two lanes on each side of the highway. The highway is relatively empty, with only a few cars visible on the highway. The highway sign is positioned at the top of the image, providing a clear view of the highway sign for drivers."
488573,COCO_val2014_000000488573.jpg,3,2,2,1,0,1,0,1,0,0,traffic light,,truck,,"The image depicts a busy city street with a red and black Japanese-style archway, or torii, standing prominently in the middle of the road. The archway is surrounded by tall buildings, creating an urban atmosphere.

There are several cars driving through the intersection, with one car in the foreground and two others further back. A truck can also be seen on the right side of the street.

Numerous people are walking around the area, with some closer to the foreground and others further back. A traffic light is visible on the left side of the street, ensuring the","The image depicts a busy city street with a red and black Japanese-style archway, or torii, in the middle of the street. The archway is located in the middle of a crosswalk, and it appears to be a unique and eye-catching feature in the cityscape.

There are several people walking around the area, with some of them crossing the street at the crosswalk. A car is also present on the street, driving through the crosswalk. The scene captures the bustling atmosphere of a city street with a distinctive architectural feature."
489313,COCO_val2014_000000489313.jpg,2,2,2,0,0,0,0,0,0,0,,,,,"The image captures a thrilling moment of a man performing a daring trick on his snowboard, flying through the air in front of a tall building. The snowboarder is in mid-air, showcasing his skill and athleticism.

The scene takes place in a city, with the tall building serving as a backdrop for the snowboarder's impressive jump. The building's windows can be seen, adding to the urban atmosphere of the scene.","The image captures a thrilling moment of a man performing a daring trick on his snowboard, flying through the air in front of a tall building. The snowboarder is skillfully executing the trick, showcasing his talent and skill.

The scene takes place in a city setting, with the tall building in the background providing a striking contrast to the snowboarder's action. The snowboarder's snowboard is clearly visible as he soars through the air, capturing the excitement of the moment."
489743,COCO_val2014_000000489743.jpg,3,3,3,0,0,0,0,0,0,0,,,,,"The image features a brown and white cat lying on a couch, surrounded by a few pillows. The cat is positioned in the middle of the couch, with one pillow on its left side and another on its right side. The cat appears to be relaxed and comfortable in its cozy spot.

In addition to the cat and pillows, there is a stuffed animal, possibly a teddy bear, located near the cat on the left side of the couch. The stuffed animal adds a playful and warm atmosphere to the scene.","The image features a brown and white cat lying on a couch, resting comfortably on a couch cushion. The cat is positioned between two pillows, one on the left side and the other on the right side of the couch. The cat appears to be enjoying its time on the couch, possibly enjoying the company of the stuffed animal nearby.

The stuffed animal is a brown teddy bear, placed on the couch cushion next to the cat. The teddy bear is positioned on the left side of the couch, with the cat lying between it and"
490275,COCO_val2014_000000490275.jpg,1,1,1,0,0,0,0,0,0,0,,,,,"The image features a silver and white fighter jet flying through the sky, likely performing a stunt or maneuver. The jet is positioned in the middle of the scene, with its wings spread wide, showcasing its impressive size and design. The jet appears to be flying low to the ground, adding to the excitement of the scene.","The image features a silver and gray fighter jet flying through the sky, likely performing a maneuver or demonstration. The jet is flying low to the ground, showcasing its agility and agility. The jet is flying over a lush green forest, providing a beautiful backdrop for the jet's flight. The jet's position in the sky suggests that it is flying at a relatively low altitude, possibly for a demonstration or a special event."
491764,COCO_val2014_000000491764.jpg,1,1,1,0,0,2,3,1,1,2,,,truck,orange; traffic light,"The image features a large passenger train traveling down the tracks, with a city in the background. The train is positioned in the middle of the scene, occupying a significant portion of the image. The train is yellow and blue, with a distinctive California design.

There are several cars visible in the scene, with one car located near the left edge of the image, another car further to the right, and a third car closer to the center. Additionally, there are two trucks in the scene, one on the left side and another on the right side of the image.","The image features a train traveling down the tracks, with a large silver and orange train car dominating the scene. The train is moving along the tracks, passing by a crosswalk and a traffic light. The train is positioned in the middle of the image, with the train car stretching across the image from left to right.

The train is traveling next to a building, and there are several traffic lights visible in the image, with one near the train and others further away. The traffic lights are positioned at various heights and angles, indicating a busy intersection or intersection with traffic lights."
493720,COCO_val2014_000000493720.jpg,1,1,1,0,0,2,0,2,0,0,,,bicycle; person,,"The image features a large clock mounted on a pole, situated in the middle of a street. The clock is prominently displayed, making it easy for pedestrians and drivers to see the time. The clock is positioned above a street sign, which is also visible in the scene.

In the background, there are two bicycles parked on the sidewalk, one closer to the left side of the image and the other further to the right. The presence of these bicycles suggests that the area is a popular spot for cyclists to park and rest.","The image features a large clock mounted on a pole, located at the corner of a street. The clock is prominently displayed, making it a focal point in the scene. The clock is positioned above a street sign, which is situated on the corner of the street.

In addition to the clock and street sign, there are several other street signs and signs on the pole, indicating the presence of multiple streets and directions. The clock and street signs create a busy and bustling atmosphere, typical of a busy city street."
494085,COCO_val2014_000000494085.jpg,1,1,1,0,0,0,1,0,0,1,,,,person,"The image features a wooden clock sitting on a granite countertop. The clock is positioned towards the left side of the counter, and it appears to be a small, personal clock. Beside the clock, there is a pen and a piece of paper, possibly a note or a receipt. The pen is placed on the paper, and the clock and pen are the main objects in the scene.","The image features a wooden clock sitting on a granite countertop. The clock is positioned on a small wooden stand, which adds a touch of elegance to the scene. The clock is placed on a piece of paper, possibly a note or a note card, which is placed on the countertop. 

In addition to the clock, there is a pen on the countertop, likely for taking notes or writing notes. A person can be seen in the background, possibly observing the clock or engaging in some activity. The scene appears to be set in a kitchen or a similar indoor space."
494182,COCO_val2014_000000494182.jpg,1,1,1,0,0,1,1,0,1,0,,,,,"The image features a horse grazing on grass in a lush green field. The horse is positioned towards the center of the scene, with its head down, eating the grass. The field is surrounded by trees, providing a serene and natural environment for the horse.

In addition to the horse, there are two sheep in the field, one located towards the left side and the other towards the right side of the scene. The sheep are grazing on the grass as well, adding to the peaceful atmosphere of the scene.","The image features a horse grazing on grass in a lush green field. The horse is positioned in the middle of the field, surrounded by a lush green field. The horse is grazing on the grass, enjoying the fresh grass in the field.

In the background, there are two sheep grazing in the field as well. The sheep are located near the horse, grazing on the grass together. The scene is a peaceful and serene representation of a horse and sheep grazing together in a lush green field."
495519,COCO_val2014_000000495519.jpg,1,1,1,0,0,0,0,0,0,0,,,,,"The image features a man riding a four-wheeler, also known as an ATV, on a sandy beach near the ocean. The man is wearing a helmet and appears to be enjoying his time on the beach. The ATV is positioned close to the water, with the man sitting on it and looking out towards the ocean.

There are several other people in the scene, some of them standing or walking along the beach. A few of them are closer to the water, while others are further away. The beach setting and the presence of the ATV create a fun and adventurous","The image features a man riding a four-wheeler, also known as an ATV, on a sandy beach near the ocean. The man is wearing a helmet and riding the ATV on the beach, enjoying the beach environment. 

There are several other people in the scene, some of them standing or walking on the beach, while others are closer to the water. The beach is also a popular spot for fishing, as evidenced by the presence of a fishing rod in the scene. The beach setting and the presence of the ATV create a lively and enjoyable"
495578,COCO_val2014_000000495578.jpg,4,4,4,0,0,0,0,0,0,0,,,,,"The image captures a man in the middle of a tennis match, swinging his tennis racket with great force. He is wearing a white shirt and black shorts, and his racket is positioned above his head. The tennis ball is in the air, close to the man's racket.

In the background, there is a chair placed near the tennis court, possibly for players to rest between games. Another person can be seen in the background, possibly watching the match or waiting for their turn to play.","The image captures a man in action on a tennis court, swinging a tennis racket to hit a tennis ball. He is wearing a white shirt and black shorts, and he appears to be in the middle of a tennis match. The tennis ball is in the air, close to the tennis racket, as the man prepares to hit it.

There is a chair placed on the court, likely for the player to rest between games or for the player to rest between sets. The tennis racket is positioned in the air, ready for the player to make contact with the ball."
496887,COCO_val2014_000000496887.jpg,3,2,2,1,0,0,0,0,0,0,keyboard,,,,"The image features a blue plate filled with a delicious meal consisting of pasta, broccoli, and bread. The pasta is mixed with various vegetables, including broccoli, and is served on a blue plate. The plate is placed on a dining table, and a keyboard can be seen in the background, indicating that the meal is being enjoyed in a home setting.","The image features a blue plate filled with a delicious meal consisting of pasta, broccoli, and bread. The pasta is a mix of macaroni and shells, and the broccoli is scattered throughout the dish. The plate is placed on a dining table, and the plate itself is blue.

In addition to the main dish, there is a slice of bread on the plate, which complements the pasta and broccoli dish. The dining table occupies the majority of the image, and the dining table is positioned in the foreground."
497514,COCO_val2014_000000497514.jpg,1,2,1,0,1,0,0,0,0,0,,snowboard,,,"The image captures a snowboarder in mid-air, performing a jump on a snow-covered slope. The snowboarder is in the center of the scene, showcasing their skill and athleticism. 

In the background, there are several people watching the snowboarder's performance. Some of them are standing closer to the foreground, while others are further away, observing the action. The scene is lively and full of excitement as the snowboarder and the onlookers enjoy the thrilling winter sport.","The image captures a snowboarder in mid-air, performing a trick on a snowboarding slope. The snowboarder is skillfully executing a jump, showcasing their snowboarding skills. The snowboarder is the main focus of the image, with the snowboard clearly visible beneath them.

In the background, there are several people watching the snowboarder's performance, likely enjoying the spectacle. The scene captures the excitement and excitement of snowboarding and the thrill of watching others perform impressive tricks."
497555,COCO_val2014_000000497555.jpg,5,5,5,0,0,0,0,0,0,0,,,,,"The image depicts a lively scene of a group of people gathered in a room, playing a video game on a Nintendo Wii console. There are at least 12 people in the room, with some standing and others sitting. They are all holding Wii remotes, actively engaged in the game.

The room is furnished with a dining table in the background, and a chair is placed near the table. There are also two cups visible in the scene, one near the center of the room and the other closer to the right side. The atmosphere appears to be fun and social, as","The image depicts a lively scene of a group of people gathered in a room, playing a video game on a Nintendo Wii console. The group consists of both men and women, all standing and actively engaged in the game. They are holding Wii remotes, which are being used to play the game.

The room is furnished with a dining table and a dining table with a dining table in the background. There are several chairs placed around the room, and a few cups can be seen on the table. The atmosphere appears to be lively and fun, as the group"
498463,COCO_val2014_000000498463.jpg,2,2,2,0,0,3,2,1,2,0,,,sink,,"The image features a kitchen with a large stainless steel refrigerator freezer positioned in the middle of the room. The refrigerator is the main focus of the scene, and it appears to be a modern, high-quality appliance. 

In addition to the refrigerator, there are several other items in the kitchen. A microwave can be seen on the countertop, and a sink is located towards the right side of the room. There are also two bowls placed on the countertop, one near the left side and the other closer to the center. A bottle","The image features a kitchen with a large stainless steel refrigerator freezer standing in the kitchen. The refrigerator is positioned between two wooden cabinets, one on the left side and the other on the right side of the kitchen. The refrigerator is the main focus of the image, taking up a significant portion of the image.

In the kitchen, there are also a few other items present. There is a microwave placed on the countertop, and a bowl can be seen on the countertop as well. Additionally, there is a bottle located on the countertop"
498806,COCO_val2014_000000498806.jpg,1,1,1,0,0,2,0,2,0,0,,,bench; car,,"The image features a model train traveling through a mountainous landscape, with a tunnel and a small train station nearby. The train is moving along the tracks, passing through the tunnel and around a curve. The model train is positioned in the middle of the scene, with the tunnel and station on the left side and the mountainous terrain on the right side.

There are several train cars visible in the scene, with some positioned in front of the train and others behind it. The train station has a small building and a bench, adding to the realistic appearance of the model. The overall scene captures the ess","The image features a model train set up in a mountainous landscape, complete with a train traveling along the tracks. The train is moving along the tracks, which are surrounded by a mountainous terrain. The train is located in the middle of the scene, with the train tracks extending across the entire image.

The model train set also includes a train station, which is located near the train tracks. The train station features a small building and a train station sign, adding to the realistic appearance of the model train set. The train set is set up in a way that captures the essence of a mountainous landscape,"
500211,COCO_val2014_000000500211.jpg,1,2,1,0,1,0,0,0,0,0,,chair,,,"The image features a large group of umbrellas set up in a row, providing shade for a patio area. The umbrellas are of various sizes and are spread out across the scene. Some umbrellas are placed closer to the foreground, while others are further back, creating a visually appealing arrangement.

In the background, there is a house with a chimney, adding to the overall ambiance of the scene. The umbrellas are placed in front of a building, suggesting that they are part of a patio or outdoor seating area.","The image features a large group of umbrellas lined up outside of a building, likely a restaurant or a hotel. The umbrellas are arranged in a row, providing shade and a welcoming atmosphere for guests. The umbrellas are of various sizes and are placed in a row, creating an organized and visually appealing arrangement.

In addition to the umbrellas, there are several chairs placed around the area, providing seating options for guests. The chairs are scattered throughout the scene, with some chairs placed closer to the umbrellas and others further away."
500703,COCO_val2014_000000500703.jpg,3,3,3,0,0,0,1,0,0,1,,,,backpack,"The image depicts a busy subway station with a train on the tracks, surrounded by a crowd of people waiting to board. There are at least 13 people visible in the scene, some standing closer to the train while others are further away. 

A few individuals are carrying handbags, with three handbags visible in the scene. One handbag is located near the center of the image, another is closer to the right side, and the third is near the bottom right corner. The people are waiting patiently for the train to come to a stop, preparing to board and continue their journey.","The image depicts a busy subway station with a train arriving at the platform. The train is positioned in the middle of the scene, and the train tracks are visible on the platform. 

There are several people waiting on the platform, with some standing closer to the train and others further away. In total, there are 11 people visible in the scene, with some of them carrying handbags and backpacks. The people are waiting for the train to come to a complete stop before boarding the train."
500878,COCO_val2014_000000500878.jpg,2,2,2,0,0,1,1,0,1,0,,,,,"The image features a delicious pizza with a variety of toppings, including broccoli, meat, and cheese. The pizza is cut into several pieces, making it easy to serve and enjoy. The broccoli pieces are scattered across the pizza, with some located near the center and others closer to the edges. The meat and cheese toppings are also distributed evenly, adding to the overall appeal of the dish. The pizza is placed on a dining table, ready to be shared and enjoyed by those who partake in it.","The image features a delicious pizza with a variety of toppings, including broccoli, cheese, and meat. The pizza is sliced into several pieces, making it easy to serve and enjoy. The pizza is placed on a dining table, ready to be enjoyed by those who will be sharing it. The pizza is topped with a generous amount of cheese and meat, making it a hearty and flavorful meal."
501062,COCO_val2014_000000501062.jpg,1,0,0,1,0,0,0,0,0,0,broccoli,,,,"The image features a large metal pan filled with a delicious and colorful dish. The dish consists of a mixture of rice, broccoli, and tomatoes, creating a visually appealing and appetizing meal. The pan is filled with numerous pieces of broccoli, some of which are placed closer to the center of the pan, while others are scattered around the edges. The tomatoes are also distributed throughout the pan, with some placed near the broccoli and others closer to the edges. The combination of rice, broccoli, and tomatoes creates a well-balanced and nutrit","The image features a large metal pan filled with a delicious and colorful dish. The dish consists of a mix of rice, rice pilaf, rice pilaf with rice, rice pilaf with rice, rice pilaf with rice, rice pilaf with rice, rice pilaf with rice, rice pilaf with rice, rice pilaf with rice, rice pilaf with rice, rice pilaf with rice, rice pilaf with rice, rice pilaf with rice, rice pilaf with rice, rice pilaf with rice, rice pilaf with rice, rice pilaf with rice, rice pilaf with rice,"
502414,COCO_val2014_000000502414.jpg,2,2,2,0,0,0,0,0,0,0,,,,,"The image depicts a factory setting where a conveyor belt is used to make doughnuts. The conveyor belt is filled with doughnuts, and they are being prepared for packaging. There are several people working in the factory, with some standing near the conveyor belt and others scattered throughout the scene.

In total, there are 13 doughnuts visible on the conveyor belt, with some closer to the front and others further back. The workers are focused on their tasks, ensuring that the doughnuts are made and packaged efficiently.","The image depicts a bakery with a conveyor belt system in operation, producing donuts. The conveyor belt is filled with donuts, and the donuts are being made and prepared for sale. There are several donuts on the conveyor belt, with some closer to the conveyor belt and others further away.

There are three people in the bakery, working together to ensure the donuts are made correctly. One person is standing near the conveyor belt, while the other two people are positioned closer to the conveyor belt, likely monitoring the production process."
504902,COCO_val2014_000000504902.jpg,3,2,2,1,0,3,1,2,1,0,bicycle,,backpack; chair,,"The image features a truck parked in a grassy field, with a camper shell on the back. The camper shell has a dog house inside, and a group of dogs can be seen sitting and standing around it. There are at least five dogs in the scene, with some closer to the truck and others further away.

In addition to the truck and dogs, there are a few other objects in the field. A bicycle is located on the right side of the scene, and a backpack can be seen placed on the ground near the center. A chair is also present in the field,","The image features a truck parked in a grassy field, with a camper shell on the back. The truck is parked in a grassy field, and the camper shell is open, revealing a camper shell camper. The truck is parked in a grassy field, and the camper shell is open, revealing a camper shell camper.

There are several dogs in the scene, with some of them sitting or standing near the truck. A few dogs are sitting on the grass, while others are sitting or standing near the truck. Additionally, there are two"
506614,COCO_val2014_000000506614.jpg,3,2,2,1,0,2,0,2,0,0,couch,,dining table; laptop,,"The image features a large, luxurious bedroom with a king-sized bed as the main focus. The bed is adorned with a brown headboard and is situated next to a window, allowing natural light to illuminate the room. The bed is covered with a white comforter and has a brown blanket on top, adding a touch of warmth to the space.

In addition to the bed, the room contains a chair positioned near the left side of the bed, and a couch located on the right side. A desk can be seen in the room, with a laptop placed on","The image features a large, luxurious bedroom with a spacious bedroom suite. The bedroom features a large bed with a brown headboard, a brown bedspread, and a brown leather headboard. The bed is positioned in the center of the room, and the bedroom suite also includes a dresser and a chair.

The bedroom suite is well-decorated, featuring a brown and brown color scheme. The room features a large window, allowing natural light to fill the room. The room also features a chair and a chair placed near the bed, providing additional seating options."
509807,COCO_val2014_000000509807.jpg,4,4,4,0,0,2,1,2,0,1,,,clock; pizza,microwave,"The image features a kitchen with a white oven and a wooden countertop. On the countertop, there is a plate with a pizza on it, and a bowl is placed nearby. A bottle can be seen on the left side of the countertop, and a cup is located closer to the center. 

In addition to the main items, there are several other bottles scattered around the kitchen, with some placed on the countertop and others on the floor. A clock is also visible on the wall, providing a sense of time while cooking or enjoying a meal.","The image features a kitchen with a white oven and a microwave oven placed next to it. The oven is open, revealing a red dish placed inside. The microwave is positioned above the oven, and the oven is located below the microwave.

The kitchen countertop is cluttered with various items, including a bottle, a cup, and a bowl. There are also several cups and cups placed on the countertop, as well as a cup and a cup placed on the countertop. Additionally, there is a cup and a cup placed on"
509811,COCO_val2014_000000509811.jpg,5,4,4,1,0,1,0,1,0,0,chair,,tv,,"The image depicts a large room filled with tables and chairs, creating a spacious and organized workspace. There are numerous laptops placed on the tables, with some of them being used by people sitting in the chairs. The chairs are arranged in various positions around the tables, with some closer to the foreground and others further back in the room.

In addition to the laptops, there are several books scattered throughout the room, indicating that this space is likely used for studying or working on projects. A TV is mounted on the wall, providing a source of entertainment or information for those","The image depicts a large room filled with tables and desks, each equipped with a laptop computer. The room appears to be a library or a study area, with numerous tables and desks arranged throughout the space. There are several people in the room, with one person sitting at a desk and working on a laptop, while others are sitting at different tables, possibly studying or studying.

In addition to the laptops, there are numerous books scattered across the tables and desks, indicating that the room is primarily used for studying and studying. The room is well-lit, creating a comfortable and inviting"
51028,COCO_val2014_000000051028.jpg,5,4,4,1,0,1,1,0,1,0,chair,,,,"The image features a room with a computer desk and a large computer monitor on it. There are two chairs placed in front of the desk, one on the left side and the other on the right side. A keyboard and a mouse can be seen on the desk, indicating that the room is set up for computer use.

In addition to the computer setup, there is a large floor mat with letters and numbers on it, which appears to be a learning aid or a playful decoration. A TV is also present in the room, located on the left side of the desk.

There are several","The image features a room with a computer desk and a computer desk with a computer monitor, keyboard, and mouse. The room also features a computer desk with a computer monitor,"
510734,COCO_val2014_000000510734.jpg,2,2,2,0,0,1,0,1,0,0,,,chair,,"The image is a black and white photograph of a park scene with two people sitting on a bench. The bench is located near the center of the scene, and the two individuals are positioned close to each other. 

In the background, there is a large building, possibly a church, which adds to the park's atmosphere. Several other people can be seen scattered throughout the park, some standing and others sitting on benches. There are also a few chairs placed around the park, providing additional seating options for visitors.","The image is a black and white photograph of a park scene with two people sitting on a bench. The bench is located near a sidewalk, and the couple appears to be enjoying their time together. There are several other people in the park, some of them sitting on other benches, while others are walking around.

In total, there are six other people in the scene, with some of them sitting on benches and others walking. The park is surrounded by trees, providing a pleasant and relaxing atmosphere for the visitors."
510864,COCO_val2014_000000510864.jpg,2,2,2,0,0,0,0,0,0,0,,,,,"The image captures a man skillfully riding a wave on a surfboard in the ocean. He is wearing a wetsuit and appears to be enjoying the thrill of the ride. The surfer is positioned in the center of the scene, with the surfboard beneath him.

The wave is quite large, and the man is skillfully navigating it. The ocean water is visible in the background, and the scene is dynamic, showcasing the surfer's talent and the power of the wave.","The image captures a man skillfully riding a wave on a surfboard in the ocean. He is skillfully balancing on the surfboard, riding the wave with ease. The man is wearing a wetsuit, which is designed to keep him warm and comfortable in the water.

The surfboard is positioned in the middle of the image, with the surfer skillfully riding the wave towards the shore. The surfer's wetsuit and the surfboard are the main focus of the image, highlighting the surfer's skill and the excitement of the sur"
511159,COCO_val2014_000000511159.jpg,3,3,3,0,0,0,0,0,0,0,,,,,"The image features a man standing in a room filled with numerous books. He is wearing a maroon shirt and a brown tie, giving him a formal appearance. The man is smiling and appears to be enjoying his time in the room.

The room is filled with bookshelves, which are lined with various books of different sizes. The books are arranged in an organized manner, creating a cozy and intellectual atmosphere. The man seems to be the main focus of the scene, surrounded by the abundance of books in the room.","The image features a man standing in a room filled with books, likely a library or a bookstore. He is wearing a maroon shirt and a brown tie, which adds a touch of formality to his appearance. The man appears to be smiling, possibly posing for a picture or enjoying the atmosphere of the book-filled room.

The room is filled with numerous books, both on the shelves and scattered throughout the room. The books are arranged in various stacks and piles, creating a cozy and inviting atmosphere. The man appears to be the main focus of the image, surrounded"
51157,COCO_val2014_000000051157.jpg,2,2,2,0,0,0,0,0,0,0,,,,,"The image captures a man in a wetsuit walking into the ocean while carrying a surfboard. He is wearing a black wetsuit and appears to be enjoying his time in the water. The surfboard is positioned horizontally in front of him, and the man is walking towards the waves with determination.

In the background, there are a few other people present, likely enjoying the beach and the ocean as well. The scene is lively and full of energy, as everyone seems to be having a great time.","The image captures a man in a wetsuit walking into the ocean while carrying a surfboard. He is carrying the surfboard under his arm, and it appears to be a sunny day. The man is likely preparing to surf or has just finished a surfing session.

In the background, there are a few other people in the water, possibly enjoying the ocean or engaging in other water activities. The scene captures the essence of a lively beach atmosphere with people enjoying the ocean."
511844,COCO_val2014_000000511844.jpg,2,2,2,0,0,2,0,2,0,0,,,car; handbag,,"The image features a man riding a brown horse down a street, with a large American flag waving behind him. The man appears to be a cowboy, and he is holding a lasso while riding the horse. 

There are several people watching the man and his horse from the side of the street. Some of them are standing closer to the horse, while others are further away. A car can be seen parked on the right side of the street, and a handbag is placed on the ground near the middle of the scene.","The image features a man riding a brown horse down a street, with a large American flag flying behind him. The man is dressed in a cowboy outfit, and the horse is carrying a flag as well. The man appears to be a rodeo rider, and the horse is likely a part of a parade or parade-like event.

There are several people watching the event from the side of the street, with some standing closer to the man and others further away. The spectators are spread out along the street, with some standing closer to the horse and others further away. The scene captures the"
514254,COCO_val2014_000000514254.jpg,3,3,3,0,0,2,2,1,1,1,,,book,cell phone,"The image features a woman wearing a black dress and black stockings, lying on a bed. She is positioned on her stomach, with her legs spread apart. The bed is covered with a red sheet, and the woman appears to be relaxed and comfortable.

In the room, there is a TV mounted on the wall, and a remote control can be seen placed nearby. Additionally, there is a book on the bed, possibly for the woman to read while she relaxes.","The image features a woman wearing black stockings and high heels, lying on a bed in a hotel room. She is wearing a black dress and appears to be relaxing or resting on the bed. The bed is positioned against a wall, and the woman is lying on her stomach, with her legs spread out.

In the room, there is a TV on the left side of the bed, and a remote control is placed nearby. A remote control can also be seen on the bed, closer to the woman. Additionally, there is a cell phone on the bed, slightly to the left of"
516984,COCO_val2014_000000516984.jpg,2,2,2,0,0,1,1,0,1,0,,,,,"The image features a man sitting in a window seat of an airplane, looking out at the airport tarmac. He is wearing a baseball cap and appears to be enjoying the view of the airplanes outside. There are several airplanes visible in the scene, with one positioned to the left of the man, another in the middle, and a third one to the right.

In addition to the man, there are two other people in the scene, one standing near the left edge of the image and another person closer to the center. The airplane window is located in the lower-middle part","The image features a man sitting in a window seat of an airplane, looking out the window and observing the airplanes on the tarmac. There are several airplanes visible in the scene, with one airplane located in the foreground and two others in the background. The man appears to be enjoying the view of the airplanes and the airport activities."
518163,COCO_val2014_000000518163.jpg,4,4,4,0,0,0,0,0,0,0,,,,,"The image features a family of four standing outside a house, posing for a picture. The family consists of a man, a woman, and two children. They are all smiling and appear to be enjoying the moment.

There are several pieces of luggage and bags around them, including a backpack, a handbag, and a suitcase. The backpack is placed on the ground near the woman, while the handbag is located closer to the children. The suitcase is positioned further away from the family, closer to the edge of the scene.

In the background, there is a","The image features a family of four standing outside their home, posing for a picture. The family consists of a woman, a woman with blonde hair, a boy, and a boy with blonde hair. They are all standing together, with the woman and woman with blonde hair standing close to each other, and the boy and boy with blonde hair standing next to them.

There are several pieces of luggage in the scene, including a backpack, a suitcase, and a handbag. The backpack is placed on the ground, while the suitcase and handbag are placed on the ground near"
518836,COCO_val2014_000000518836.jpg,1,1,1,0,0,1,1,0,1,0,,,,,"The image features a brown horse standing in a grassy field, looking directly at the camera. The horse is positioned in the center of the scene, with its head prominently visible. Another horse can be seen in the background, grazing on the grass.

There are also two people in the scene, one standing near the left side of the image and the other closer to the right side. The people appear to be observing the horses or possibly taking care of them.","The image features a brown horse standing in a grassy field, looking directly at the camera. The horse is positioned in the center of the image, and its gaze is directed towards the viewer. The horse appears to be looking at the camera, possibly curious about the person taking the photo.

In the background, there are two other horses, one located on the left side of the image and the other on the right side. The horses are grazing in the field, enjoying the open space and the grassy field."
519055,COCO_val2014_000000519055.jpg,5,3,3,2,0,0,0,0,0,0,car; sports ball,,,,"The image captures a baseball game in progress, with a young man in a blue and white jersey standing on the field, preparing to throw a baseball. He is wearing a baseball glove and is in the process of pitching the ball. 

There are several other people in the scene, including teammates and opponents, some of whom are standing near the fence. A few chairs are scattered around the field, likely for spectators or players to rest during the game. 

In the background, there are two cars parked, one on the left side and the other on","The image captures a baseball game in progress, with a young man in a blue and blue jersey standing on the field, preparing to throw a baseball. He is in the process of winding up for a pitch, holding the baseball in his hand. 

There are several people in the scene, including teammates and opponents, as well as a few spectators. Some of the people are standing near the field, while others are seated on chairs or chairs placed around the field. A baseball glove can be seen on the field, likely belonging to one of the players."
519815,COCO_val2014_000000519815.jpg,2,2,1,1,1,0,1,0,0,1,bottle,chair,,tv,"The image features a large, clean bathroom with a white bathtub and a sink. The bathtub is situated in the middle of the room, and the sink is located on the right side of the room. The bathroom has a window above the bathtub, allowing natural light to enter the space.

There are several towels placed around the room, with one on the left side of the bathtub, another on the right side, and a third one near the sink. Additionally, there are two bottles in the bathroom, one near the sink and the other closer to the batht","The image features a clean and well-organized bathroom with a white bathtub and a white bathtub/shower combination. The bathroom features a large window, which allows natural light to fill the space. The bathroom is equipped with a sink, a sink vanity, and a towel rack.

In addition to the main bathroom fixtures, the bathroom also features a television mounted on the wall, providing entertainment while enjoying a relaxing bath. The bathroom is decorated with a few pictures on the wall, adding a personal touch to the space. A chair"
520301,COCO_val2014_000000520301.jpg,2,2,2,0,0,1,1,0,1,0,,,,,"The image features a brown dog with a purple collar, sitting in the back seat of a car. The dog appears to be enjoying the ride, possibly looking out the window. The car is parked on the side of the road, and the dog is comfortably positioned in the back seat.","The image features a brown dog with a red collar, sitting in the back seat of a car. The dog is looking out the window, enjoying the view and the breeze. The dog appears to be a large dog, possibly a German Shepherd, and is wearing a red collar.

The car is parked, and the dog is comfortably sitting in the back seat, enjoying the view outside. The dog's position in the car suggests that it is a family pet, and the dog is enjoying the ride."
521197,COCO_val2014_000000521197.jpg,2,2,2,0,0,1,1,1,0,1,,,clock,couch,"The image features a man posing with a yellow bicycle in a room. He is standing next to the bicycle, which is positioned in the center of the room. The man appears to be proudly displaying his bicycle, possibly showcasing its unique features or design.

The room has a doorway visible in the background, and a clock can be seen hanging on the wall. The man is wearing sunglasses, adding a stylish touch to the scene.","The image features a man posing with a yellow bicycle in a room. He is kneeling down next to the bicycle, which is prominently displayed in the room. The man appears to be proud of his bicycle, as he is posing with it in a playful manner.

The room appears to be a living space, as there is a couch in the background and a couch in the background. The man is wearing sunglasses, adding to the casual and relaxed atmosphere of the scene."
52386,COCO_val2014_000000052386.jpg,1,1,1,0,0,0,0,0,0,0,,,,,"The image features a giraffe standing in a grassy area, eating grass from a wooden feeding platform. The giraffe is positioned near the center of the scene, with its head down as it grazes. The feeding platform is located towards the right side of the image, providing the giraffe with a convenient place to eat.

In the background, there is a building visible, possibly a part of the zoo or wildlife park where the giraffe is housed. The scene captures a peaceful moment of the giraffe enjoying its meal in a natural environment.","The image features a giraffe standing in a grassy area, eating grass from a wooden feeder. The giraffe is positioned near a wooden pole, which has a wooden feeder attached to it. The giraffe is reaching up to eat the grass from the feeder, displaying its long neck and neck length.

The scene takes place in a fenced-in area, likely a zoo or a wildlife reserve, providing a safe environment for the giraffe. The fence is visible in the background, providing a boundary for the giraffe's enclosure."
525211,COCO_val2014_000000525211.jpg,2,2,2,0,0,2,1,2,0,1,,,bowl; spoon,dining table,"The image features a person preparing a batch of doughnuts by frosting them with a white substance, likely frosting or icing. There are three doughnuts in the scene, with one doughnut being frosted in the center, another doughnut on the left side, and the third doughnut on the right side.

The person is using a spoon to apply the frosting to the doughnuts, and there is a bowl placed nearby, possibly containing the frosting or icing. The scene captures the process of making delicious tre","The image features a person preparing doughnuts by dipping them in a chocolate glaze. The person is using a piping bag to apply the glaze to the doughnuts, which are placed on a table. There are several doughnuts in the scene, with some doughnuts being dipped in the glaze and others already dipped.

The person is using a piping bag to apply the glaze to the doughnuts, and the piping bag is visible in the scene. The doughnuts are arranged on the table, with some dough"
52596,COCO_val2014_000000052596.jpg,2,2,2,0,0,2,1,1,1,0,,,bottle,,"The image features a young girl wearing a purple shirt, standing in a grassy field and holding a slice of pizza in her hand. She appears to be enjoying her meal outdoors. 

There are several other people in the background, some of them sitting on chairs and others standing. A few bottles can be seen scattered around the area, possibly belonging to the people in the scene. The overall atmosphere seems to be a casual gathering or picnic where people are enjoying their time together.","The image features a young girl holding a slice of pizza in her hands, likely enjoying a slice of pizza at an outdoor event. She is surrounded by a crowd of people, with some sitting on chairs and others standing around her. The girl is the main focus of the image, as she proudly holds up her slice of pizza.

The scene appears to be a lively outdoor event, with people gathered around the girl and enjoying the outdoor atmosphere. The girl's pizza slice is the center of attention, and it seems like a fun and enjoyable moment for everyone involved."
526342,COCO_val2014_000000526342.jpg,4,2,2,2,0,0,0,0,0,0,bottle; refrigerator,,,,"The image features a small market with a variety of items on display. There is a mini market stand with a refrigerator and a soda machine, which is stocked with several bottles of soda. A chair is placed in front of the refrigerator, likely for customers to sit and enjoy their drinks.

In addition to the soda machine, there are multiple potted plants scattered throughout the scene, adding a touch of greenery to the market. Some of the plants are placed near the refrigerator, while others are located closer to the soda machine. The market appears to be","The image features a small market with a mini market stand and a soda machine. The market stand is located next to a soda machine, which is a vending machine that sells soda. The market stand is a small store with a mini market stand, and the soda machine is a vending machine that sells soda.

There are two potted plants in the scene, one located near the soda machine and the other near the mini market stand. Additionally, there are two chairs placed near the mini market stand, possibly for customers to sit and enjoy their purchases."
527375,COCO_val2014_000000527375.jpg,5,5,5,0,0,1,1,0,1,0,,,,,"The image features a wooden desk with a laptop and a desktop computer sitting on it. The laptop is positioned on the left side of the desk, while the desktop computer is on the right side. Both computers have keyboards in front of them, with the laptop's keyboard slightly closer to the left side of the desk.

There are two mice on the desk, one near the center and the other closer to the right side. A cell phone can be seen on the desk, placed near the center. Additionally, there are several books scattered around the desk, with some on the right side","The image features a wooden desk with a wooden desk top, featuring a laptop and a desktop computer. The laptop is placed on the desk, while the desktop computer is positioned on the desk top. The desk is also equipped with a keyboard and a mouse, which are placed near the laptop.

In addition to the computer setup, there are several books scattered around the desk, indicating a workspace for studying or studying. A cell phone is also present on the desk, adding to the workspace's functionality. The desk is situated in a room with a window, providing natural light"
527447,COCO_val2014_000000527447.jpg,2,2,2,0,0,0,0,0,0,0,,,,,"The image captures a group of people skiing up a snowy mountain. There are at least nine people in the scene, some of them closer to the top of the mountain, while others are further down the slope. They are all wearing skis, which can be seen clearly on the snow.

The skiers are spread out across the mountain, with some closer to the left side, others in the middle, and a few more on the right side. The group appears to be enjoying their time on the mountain, possibly preparing to ski down the slope once they reach the top.","The image captures a group of people skiing up a snowy mountain, likely on a ski slope. There are several people in the image, with some of them skiing in pairs or small groups. They are all wearing skis and are making their way up the mountain, likely preparing for a skiing adventure or a skiing competition.

The skiers are scattered across the slope, with some skiers closer to the top of the slope and others further down the slope. The skiers are all focused on their journey, showcasing their determination and enthusiasm for the sport."
527578,COCO_val2014_000000527578.jpg,6,5,5,1,0,1,1,1,0,1,potted plant,,oven,microwave,"The image depicts a small, clean, and well-organized kitchen with a dining table and chairs. The dining table is positioned in the center of the room, surrounded by four chairs. The chairs are arranged in a semi-circle around the table, creating a cozy and inviting atmosphere.

In addition to the dining area, the kitchen features a sink, an oven, and a refrigerator. There is also a TV mounted on the wall, providing entertainment for those in the kitchen or dining area. A potted plant is placed near the dining","The image depicts a small, clean, and well-organized kitchen with a dining table and a television. The dining table is surrounded by four chairs, with two chairs on each side of the table. The table is positioned in the center of the room, and the chairs are arranged around it.

The kitchen is equipped with a kitchenette, featuring a sink, a refrigerator, and a microwave. The kitchenette is situated near the dining table, creating a cozy and functional space. The television is mounted on the wall above the table, providing entertain"
528011,COCO_val2014_000000528011.jpg,1,1,1,0,0,2,0,2,0,0,,,bird; horse,,"The image features a zebra running across a dry grass field. The zebra is the main focus of the scene, with its distinctive black and white stripes visible as it moves. The zebra appears to be running towards the camera, capturing the viewer's attention.

In the background, there are a few other animals, including a bird and a horse, adding to the diversity of the scene. The bird is located on the left side of the image, while the horse is positioned further back on the right side. The presence of these animals creates a sense of a wild, natural","The image features a zebra running across a dirt field in a grassy area. The zebra is the main focus of the image, and it appears to be running with great speed. The zebra's distinctive black and white stripes are visible as it moves through the field.

In the background, there is a zebra standing still, possibly observing the zebra running or simply resting. The zebra's presence in the field adds a sense of movement and liveliness to the scene."
532503,COCO_val2014_000000532503.jpg,3,1,1,2,0,0,1,0,0,1,cell phone; handbag,,,backpack,"The image features two people standing on a snowy hill, with one person on the left and the other on the right. They are both wearing black jackets and appear to be enjoying their time together in the snow. The person on the left is holding a handbag, while the person on the right is holding a cell phone.

The snowy hill is surrounded by a beautiful landscape, with a large body of ice and snow visible in the background. The two individuals seem to be posing for a picture, capturing the moment as they stand together in the snowy environment.","The image features two people standing on a snowy hill, enjoying the winter scenery. One person is on the left side of the image, while the other person is on the right side. Both individuals are wearing backpacks, with one backpack being larger and more prominent, while the other is smaller and less noticeable.

The snowy hill they are standing on is covered in snow, creating a picturesque winter scene. The two people appear to be enjoying their time together, taking in the beauty of the snowy landscape."
532963,COCO_val2014_000000532963.jpg,5,6,5,0,1,1,0,1,0,0,,cup,bottle,,"The image features a dining table set up outdoors, with a variety of food and drinks arranged on it. There are several plates of food, including sandwiches, fries, and a bowl of salad. A wine glass is placed on the table, along with a bottle, suggesting that the meal is accompanied by wine. 

In addition to the food and drinks, there are multiple chairs surrounding the table, inviting guests to sit and enjoy the meal. The outdoor setting and the presence of a lake in the background create a pleasant atmosphere for a gathering or","The image features a dining table set up outdoors, with a beautiful view of a lake in the background. The table is filled with a variety of food and drinks, creating a delightful outdoor dining experience. 

On the table, there are multiple plates of food, including sandwiches, fries, and a variety of other dishes. There are also several bowls containing different dishes, and a variety of cups and wine glasses placed around the table. 

The table is set with multiple chairs, inviting guests to enjoy the meal and the beautiful view"
533378,COCO_val2014_000000533378.jpg,3,2,2,1,0,0,0,0,0,0,person,,,,"The image depicts a busy city street filled with traffic, including several buses and cars. There are at least five buses visible in the scene, with some of them driving down the street and others parked or waiting at a bus stop. The buses are of various sizes and are positioned at different locations along the street.

In addition to the buses, there are numerous cars on the street, with some driving and others parked. A few people can be seen walking along the sidewalk, likely waiting for public transportation or going about their daily activities.

The street is bustling with","The image depicts a busy city street filled with traffic, including several buses and cars. There are two buses in the scene, one on the left side of the street and another on the right side. The buses are driving down the street, with one bus driving down the street and the other bus driving down the street.

In addition to the buses, there are several cars on the street, including a car on the left side of the street and another car on the right side. The cars are driving in various directions, contributing to the busy atmosphere of the street.

There are also several"
534121,COCO_val2014_000000534121.jpg,5,4,4,1,0,1,0,1,0,0,book,,remote,,"The image features a cozy living room with a large brick fireplace as the focal point. The fireplace is adorned with a model sailboat, adding a unique touch to the room's decor. The room is furnished with two couches, one on the left side and another on the right side, providing ample seating for guests.

In addition to the couches, there is a chair located near the left side of the room. A television is mounted on the wall, and a remote control can be seen placed on the couch. A book is also present in the room","The image features a cozy living room with a brick fireplace as the focal point. The fireplace is adorned with a model sailboat, adding a unique touch to the room's decor. The room features a comfortable couch situated near the fireplace, and a chair is placed nearby. 

In the living room, there is a television situated on the left side of the room, and a chair is positioned nearby. A chair is also placed near the couch, providing additional seating options. A chair is located near the couch, and another chair is placed near the chair. A"
534194,COCO_val2014_000000534194.jpg,3,3,3,0,0,0,0,0,0,0,,,,,"The image depicts a man sitting on a bench in a flooded area, surrounded by water. The bench is located near a tree, and the man appears to be enjoying the view of the water. There are several boats of various sizes scattered throughout the scene, some of which are floating in the water near the bench.

In addition to the man on the bench, there are a few other people in the scene, possibly observing the flooded area or going about their daily activities. The overall atmosphere of the image is one of tranquility and contemplation, as the man sits","The image depicts a man sitting on a bench in a flooded area, surrounded by water. The bench is located near a tree, and the man appears to be enjoying the view of the flooded area. The scene also features a boat in the water, possibly a boat docked in the flooded area.

There are several boats visible in the image, with some boats located near the man on the bench and others scattered throughout the flooded area. The presence of multiple boats suggests that the flooding might be a result of heavy rainfall or a nearby water source."
534801,COCO_val2014_000000534801.jpg,4,4,4,0,0,1,1,0,1,0,,,,,"The image features a vibrant fruit and vegetable market with a variety of fresh produce on display. There are several tables filled with an assortment of fruits and vegetables, including bananas, apples, oranges, and tomatoes. The bananas are spread across multiple tables, with some placed closer to the front and others further back.

There are two men in the scene, one standing near the left side of the image and the other on the right side. They appear to be browsing the market, possibly considering which fruits and vegetables to purchase. The market is well-stocked,","The image features a vibrant fruit and vegetable market with a variety of fruits and vegetables on display. There are several tables filled with an assortment of fruits and vegetables, including bananas, apples, oranges, and tomatoes. The fruits and vegetables are arranged in an appealing manner, making the market look fresh and inviting.

There are several people in the market, with one man standing near the fruit and vegetable display, possibly browsing or selling the produce. Another man is standing near the fruit and vegetable display, possibly selling or selling the"
535313,COCO_val2014_000000535313.jpg,4,4,4,0,0,2,0,2,0,0,,,bottle; sandwich,,"The image features a dining table with a variety of food items and utensils. There are two plates of food, one containing a sandwich and the other with a bowl of fruit. The sandwich is placed on a plate near the center of the table, while the bowl of fruit is positioned towards the left side. 

In addition to the plates, there are two cups on the table, one near the top right corner and the other at the bottom right corner. A spoon is also visible on the table, located near the left side. A bottle can be seen on the","The image features a dining table with a variety of food and drinks arranged on it. There are two plates of food, one containing toast and the other containing toast and jam. A bowl of granola is also present on the table, along with a bowl of yogurt. 

In addition to the food, there are two cups of coffee on the table, one near the top right corner and the other near the top left corner. A cup of coffee can also be seen on the table's left side. A spoon is placed on the table, likely for enjoying the"
535467,COCO_val2014_000000535467.jpg,2,2,2,0,0,0,0,0,0,0,,,,,"The image captures a group of young boys playing soccer on a field. There are at least six children actively participating in the game, with some of them chasing after the soccer ball. The children are spread out across the field, with some closer to the foreground and others further in the background.

The soccer ball is located in the center of the field, with the children surrounding it, trying to gain possession or control of the ball. The scene is lively and full of energy, showcasing the excitement and camaraderie of the young players.","The image captures a group of young boys playing soccer on a field. There are several boys actively participating in the game, with some of them chasing after the soccer ball. The boys are spread out across the field, with some players closer to the ball and others further away.

In total, there are nine boys visible in the image, with some of them wearing uniforms, indicating that they might be part of a soccer team. The soccer ball is located in the center of the field, with the boys surrounding it, eagerly trying to gain possession of the ball."
536158,COCO_val2014_000000536158.jpg,1,1,1,0,0,0,0,0,0,0,,,,,"The image features a man wearing a helmet and a life jacket, skillfully riding a raft on a river. He is holding a paddle in his hand, navigating the water with ease. The man appears to be enjoying his time on the river, possibly engaging in a water sport or simply enjoying the outdoor activity.","The image features a young man wearing a helmet and a life jacket, skillfully riding a raft on a river. He is skillfully navigating the river rapids, enjoying the thrill of the rapids. The man is holding onto a paddle, which he uses to guide the raft through the rapids.

The scene captures the excitement and adventure of the man's rafting experience, showcasing his skill and determination in navigating the river rapids."
540502,COCO_val2014_000000540502.jpg,8,2,2,6,0,3,0,3,0,0,bowl; chair; dining table; oven; spoon; vase,,book; bottle; cup,,"The image depicts a large, open kitchen with a white countertop and a blue island. The kitchen is equipped with a refrigerator on the left side, a sink in the middle, and an oven on the right side. There is a dining table in the room, surrounded by chairs.

Various kitchen items can be seen on the countertop, such as a bowl, a cup, a spoon, and a bottle. Additionally, there are several books scattered around the kitchen, possibly cookbooks or other reading materials. A vase is also present in the room, adding","The image depicts a large, open kitchen with a white kitchen island in the center. The kitchen is painted in a bright green color, giving it a vibrant and lively atmosphere. The kitchen is well-equipped with a refrigerator, a sink, a sink, and a sink, all placed in various locations within the kitchen.

The kitchen is also equipped with a sink, a sink, and a sink, all placed in various locations within the kitchen. The kitchen is further adorned with a sink, a sink, and a sink, adding to the kitchen's functionality and a"
540642,COCO_val2014_000000540642.jpg,3,2,2,1,0,0,0,0,0,0,oven,,,,"The image showcases a large, clean, and empty kitchen with wooden cabinets and a tile floor. The kitchen is equipped with a refrigerator, a sink, and an oven. The refrigerator is located on the right side of the kitchen, while the sink is situated in the middle, and the oven is positioned on the left side.

There is a window in the kitchen, providing natural light to the space. The kitchen appears to be ready for someone to move in and make it their own.","The image showcases a clean and well-organized kitchen with a white refrigerator, a sink, and a sink area. The kitchen is equipped with a refrigerator, a sink, a sink area, and a sink area. The kitchen is also equipped with a refrigerator, a sink, a sink area, and a sink area. The kitchen is equipped with a refrigerator, a sink, a sink area, and a sink area. The kitchen is equipped with a refrigerator, a sink, a sink area, and a sink area. The kitchen is"
542145,COCO_val2014_000000542145.jpg,3,3,3,0,0,0,0,0,0,0,,,,,"The image features a small bathroom with a white toilet situated next to a sink. The sink is positioned under a mirror, which is mounted on the wall above the toilet. The bathroom also has a cabinet under the sink, providing storage space for toiletries and other bathroom essentials.

There are a few bottles placed around the bathroom, with one near the sink and two others closer to the toilet. Additionally, there is a toilet paper roll placed on the left side of the toilet, ensuring that the bathroom is well-stocked and","The image features a small bathroom with a white toilet situated next to a black vanity. The bathroom features a black vanity with a sink and a mirror above it. The sink is located on the right side of the vanity, while the sink is located on the left side. The sink is accompanied by a sink faucet, and there is a bottle placed on the sink.

The bathroom also features a toilet situated next to the vanity, and a toilet paper roll is placed on the left side of the toilet. The bathroom appears to be well-"
542423,COCO_val2014_000000542423.jpg,3,3,3,0,0,0,0,0,0,0,,,,,"The image features a woman sitting alone on a park bench in a grassy field. She is wearing a black jacket and appears to be enjoying her time in the park. The bench is positioned in the middle of the scene, with the woman sitting on it facing the camera.

The park is surrounded by trees, creating a serene and peaceful atmosphere. There are several cars parked in the background, indicating that the park is easily accessible by vehicle. Additionally, there are a few other people scattered throughout the scene, but they are not the main focus of the image.","The image features a woman sitting alone on a park bench in a park. She is sitting on a bench in the middle of a field, surrounded by a peaceful and serene environment. The park is surrounded by trees, providing a sense of tranquility and solitude.

There are several cars parked in the background, indicating that the park is easily accessible by car. Additionally, there are a few other people in the park, but they are not close to the woman sitting on the bench. The woman appears to be enjoying her time in the park, enjoying the peaceful atmosphere."
542487,COCO_val2014_000000542487.jpg,2,3,2,0,1,0,0,0,0,0,,dining table,,,"The image features a cat walking past a vase filled with colorful flowers. The cat is positioned on the left side of the vase, while the vase is located in the center of the scene. The flowers in the vase are a mix of purple and yellow, creating a visually appealing display. The cat appears to be curiously observing the flowers as it walks by.","The image features a cat walking past a vase filled with a variety of flowers. The cat is positioned on the left side of the image, while the vase is located on the right side. The vase is placed on a table, and the vase is placed on a table. The vase is filled with a variety of flowers, including different types of flowers and colors, creating a visually appealing scene. The cat appears to be curiously observing the vase of flowers as it walks by."
542782,COCO_val2014_000000542782.jpg,3,3,2,1,1,1,0,1,0,0,cell phone,skis,book,,"The image features a group of people sitting on a bus, enjoying their time together. There are four people visible in the scene, with one person sitting on the left side of the bus, another person in the middle, and two more people on the right side.

The bus is decorated with colorful snowboards, which are placed on the walls and ceiling, adding a fun and lively atmosphere to the ride. The passengers are engaged in various activities, with one person using a cell phone, another person holding a book, and the others simply enjoying the company of their fellow travelers.","The image features a group of people sitting on a bus, enjoying their time together. There are four people in the image, with two of them sitting close to each other and the other two sitting further apart. They are all wearing winter gear, indicating that they are likely on a ski trip or a skiing trip.

The bus is filled with various skiing equipment, including skis and snowboards. There are multiple skis visible in the image, with some placed near the people and others placed in the bus. Additionally, there are two snowboards in the bus, one near the people and the other further"
545564,COCO_val2014_000000545564.jpg,3,2,2,1,0,3,0,3,0,0,vase,,book; remote; tv,,"The image depicts a cozy living room with a brown leather couch and a chair placed in the center of the room. The couch is situated against the wall, while the chair is positioned in the middle of the room. A large window is present in the room, allowing natural light to fill the space.

There are two decorative vases in the room, one placed on the left side of the couch and the other on the right side. A remote control can be seen on the couch, likely for operating a television or other electronic devices. Additionally, there is a book placed on the","The image depicts a cozy living room with a brown leather couch and a brown leather ottoman. The couch is positioned in the center of the room, while the ottoman is placed in front of it. The couch is accompanied by a brown leather chair, which is situated on the right side of the room.

The living room is furnished with a brown leather couch and a brown leather ottoman, creating a warm and inviting atmosphere. The room also features a brown leather chair, adding to the cohesive design of the space. The room is further"
545756,COCO_val2014_000000545756.jpg,3,2,2,1,0,0,0,0,0,0,sports ball,,,,"The image captures a male tennis player in action on a clay court, swinging his tennis racket with great force. He is wearing a blue shirt and black shorts, and his athletic stance suggests he is fully engaged in the game. The tennis racket is visible in his hand, and the player's body is positioned to make contact with the ball. The scene is dynamic and showcases the player's skill and dedication to the sport.","The image captures a tennis player in action on a tennis court, swinging a tennis racket with great force. The player is in the middle of a powerful swing, showcasing their skill and athleticism. The tennis racket is clearly visible in the player's hand, and the tennis racket's shadow can be seen on the court, indicating the direction of the swing.

The tennis player is wearing a blue shirt and black shorts, which are typical attire for tennis players. The tennis player's focus and determination are evident as they engage in the game."
546717,COCO_val2014_000000546717.jpg,5,4,4,1,0,1,1,0,1,0,potted plant,,,,"The image features a woman sitting on a couch, wearing a blue striped shirt and glasses. She is using a laptop computer, which is placed on her lap. The laptop is open, and she appears to be typing or browsing the internet.

The room has a cozy atmosphere, with a potted plant located near the top left corner of the image. There are several books scattered around the room, with some placed on the couch and others on the floor. A mouse can also be seen on the couch, close to the laptop.","The image features a woman sitting on a couch, wearing glasses and a blue striped shirt. She is using a laptop computer that is placed on her lap. The laptop is positioned in front of her, and she is using a mouse to interact with the laptop. 

The couch is situated in a living room, and there are several books scattered around the room. Some books are placed on the couch, while others are"
54750,COCO_val2014_000000054750.jpg,3,3,3,0,0,0,0,0,0,0,,,,,"The image captures a thrilling moment of a person kiteboarding in the ocean. The person is skillfully riding a surfboard while holding onto a kite, which is soaring high in the sky. The kiteboarder is in the middle of a jump, showcasing their expertise in the sport.

The scene is set against a backdrop of a cloudy sky, adding to the dramatic atmosphere of the moment. The ocean water is visible beneath the surfer, creating a dynamic and exciting scene.","The image captures a thrilling moment of a person kiteboarding in the ocean. The person is skillfully riding a surfboard while being pulled by a kite, which is attached to a kiteboard. The kiteboarder is skillfully navigating the waves, performing a trick as they ride the waves.

The kiteboarder is positioned in the center of the image, with the kiteboard visible in the background. The surfboard is visible beneath the kiteboarder, and the kite is visible above them, providing the necessary force to propel them across the"
54763,COCO_val2014_000000054763.jpg,2,2,2,0,0,1,0,1,0,0,,,backpack,,"The image features a skate park with a man riding a skateboard on a ramp. He is the main focus of the scene, and he appears to be enjoying his time at the skate park. 

There are several other people in the background, some of them standing and others possibly watching the skateboarder. A few of them are closer to the ramp, while others are scattered around the park. Additionally, there is a backpack placed on the ground near the center of the scene.","The image features a man riding a skateboard on a cement ramp at a skate park. He is skillfully riding the skateboard down the ramp, possibly performing a trick. There are several other people in the background, some of them also skateboarding or watching the skateboarders.

In total, there are nine people in the scene, with some of them standing or watching the skateboarders, while others are actively skateboarding. The skateboarder on the ramp is the main focus of the image, showcasing his skill and skill"
548506,COCO_val2014_000000548506.jpg,3,3,3,0,0,0,0,0,0,0,,,,,"The image features a table with a variety of fruits, including apples, pears, and bananas. There are several apples scattered across the table, with some placed closer to the front and others further back. A few pears are also present, with one near the center of the table and another towards the back. 

The bananas are the most prominent fruit in the scene, with a bunch of them occupying the right side of the table. The arrangement of the fruits creates a colorful and appetizing display.","The image features a table filled with a variety of fruits, including apples, pears, and bananas. The apples are arranged in a pile, with some placed on top of the table and others scattered around the table. The pears are also scattered around the table, with some placed near the apples and others placed separately. The bananas are arranged in a pile, with some placed on top of the table and others placed near the apples and pears. The fruits are arranged in a visually appealing manner, creating a colorful and appetizing display."
548703,COCO_val2014_000000548703.jpg,4,5,4,0,1,3,3,2,1,2,,dining table,bottle; fork,refrigerator; sink,"The image features two women standing in a kitchen, working together to decorate a cake. They are both focused on the task, with one woman using a knife to spread frosting on the cake, while the other woman is holding a spatula to help with the process.

The kitchen is well-equipped with various items, including a bowl, a spoon, and a fork. There are also two bottles placed on the counter, possibly containing ingredients or decorations for the cake. The scene captures the collaborative effort of the two women as they create a delicious","The image features two women standing in a kitchen, working together to decorate a cake. They are standing at a counter, with one woman on the left and the other on the right. The cake is placed on a table in front of them, and they are using a knife to decorate it.

The kitchen is well-equipped with various kitchen items, including a refrigerator, a sink, and a bowl. There are also two spoons visible in the scene, one near the cake and the other closer to the sink. The kitchen counter is filled with various items, such as"
550643,COCO_val2014_000000550643.jpg,2,2,2,0,0,0,0,0,0,0,,,,,"The image features a large pot filled with a delicious meal, containing noodles, broccoli, and possibly other vegetables. The pot is placed on a stove, and the dish appears to be cooking. The broccoli pieces are scattered throughout the pot, with some closer to the top and others near the bottom. The noodles are mixed with the vegetables, creating a hearty and appetizing dish.","The image features a large pot filled with a delicious noodle dish, featuring a generous amount of broccoli and noodles. The dish appears to be a noodle and broccoli dish, possibly a noodle and broccoli stir fry. The dish is placed on a stove, indicating that it is being cooked.

The pot is filled with the dish, and the broccoli pieces are scattered throughout the dish, with some pieces being larger and others smaller. The noodles are mixed with the broccoli, creating a visually"
550707,COCO_val2014_000000550707.jpg,5,4,4,1,0,2,1,1,1,0,couch,,cell phone,,"The image features a woman cutting a chocolate cake with a knife, while two other women watch her. The cake is placed on a dining table, and the woman cutting the cake is positioned in the center of the scene. The two women observing the cake cutting are standing on either side of the table.

The room has a couch in the background, and a chair is located near the right side of the scene. There is also a cell phone placed on the table, possibly belonging to one of the women.","The image features a woman cutting a chocolate cake with a knife, while two women watch her. The cake is placed on a dining table, and the woman cutting the cake is positioned in the center of the scene. The two women watching the cake cutting are standing on either side of the table.

The dining table is surrounded by chairs, with one chair on the left side of the table and another on the right side. There is also a chair on the right side of the table, closer to the edge of the image. The dining table is surrounded by chairs,"
551963,COCO_val2014_000000551963.jpg,4,3,3,1,0,2,1,1,1,0,knife,,bottle,,"The image features a man standing in a kitchen, holding a red pan with a lid on it. He appears to be in the process of putting the pan into the oven. The oven is located on the right side of the kitchen, and the man is positioned close to it.

In the kitchen, there is a refrigerator on the left side, and a microwave is placed above the oven. A knife can be seen on the right side of the kitchen, possibly used for cutting or preparing food. Additionally, there is a bottle located near the center of the kitchen, possibly","The image features a man standing in a kitchen, holding a red pan with a red lid. He is wearing oven mitts, which are designed to protect his hands from the heat. The man appears to be in the process of placing the pan into the oven, possibly preparing a meal.

The kitchen is well-equipped with various kitchen appliances, including a refrigerator, an oven, and a microwave. The refrigerator is located on the left side of the kitchen, while the oven is situated on the right side. The microwave is placed"
552672,COCO_val2014_000000552672.jpg,3,3,3,0,0,0,0,0,0,0,,,,,"The image features a man playing tennis on a clay court. He is in the middle of a swing, holding a tennis racket and preparing to hit the ball. The man is wearing a blue shirt and white shorts, which are typical attire for tennis players.

The tennis ball is visible in the air, close to the man's racket, indicating that he is actively engaged in the game. The scene captures the intensity and focus of the tennis player as he attempts to make a successful shot.","The image features a tennis player in a blue shirt and blue shoes, standing on a tennis court and holding a tennis racket. The player is in the middle of a swing, preparing to hit the tennis ball. The tennis player is the main focus of the image, with the tennis racket and tennis ball being the main objects of interest.

The tennis court is a clay court, which is a common surface for tennis courts. The tennis player appears to be a professional tennis player, as he is dressed in a blue shirt and blue shoes, which are typical attire for professional tennis players."
552947,COCO_val2014_000000552947.jpg,3,4,3,0,1,2,2,0,2,0,,tie,,,"The image features a man dressed in a top hat and tuxedo, sitting on a couch and talking on his cell phone. He appears to be engaged in a conversation, possibly discussing a formal event or a special occasion. 

The room has a cozy atmosphere, with a chair positioned near the couch and a bottle placed on a surface nearby. The man's attire and the presence of the cell phone suggest that he might be attending or preparing for a formal event or gathering.","The image features a man dressed in a top hat and bow tie, sitting down and talking on his cell phone. He is wearing a black suit and appears to be dressed in a costume, possibly for a special event or a themed party. The man is holding the cell phone to his ear, engaged in a conversation.

In the background, there is a couch and a chair, suggesting that the man is in a living area or a room with seating arrangements. There are also two bottles visible in the scene, one near the man and another further away, possibly indicating that the man is in a"
553669,COCO_val2014_000000553669.jpg,5,4,4,1,0,1,1,1,0,1,truck,,handbag,potted plant,"The image features a man sitting on a wooden bench in a park, using a laptop. He is surrounded by a beautiful garden with a variety of flowers, including tulips and daffodils. The park is bustling with activity, as there are several cars and a truck parked nearby, and multiple people walking around.

In addition to the man on the bench, there are at least nine other people visible in the scene, some of them carrying handbags. The park is a lively and picturesque setting for the man to enjoy his laptop and the surrounding natural beauty.","The image features a man sitting on a park bench in a park, using a laptop. He is surrounded by a beautiful garden with a variety of flowers, including tulips and daffodils. The park is filled with people enjoying the day, and there are several cars parked nearby.

In addition to the man on the bench, there are several other people scattered throughout the park, some of them sitting on other benches and enjoying the park's atmosphere. The park is also home to a few potted plants, adding to the lush greenery of the park."
556966,COCO_val2014_000000556966.jpg,2,2,2,0,0,0,0,0,0,0,,,,,"The image features a man skillfully riding a wave on a surfboard in the ocean. He is wearing a black shirt and red shorts, which are visible as he skillfully navigates the waves. The surfboard is positioned in the middle of the scene, with the man standing on it and maintaining his balance. The ocean water is a mix of blue and white, creating a dynamic and exciting atmosphere for the surfer.","The image features a man skillfully riding a surfboard on a wave in the ocean. He is skillfully balancing on the surfboard, enjoying the thrill of the wave. The man is wearing a wetsuit, which suggests that the water temperature might be cooler. The surfboard is positioned in the middle of the wave, allowing the surfer to ride the wave with ease."
557357,COCO_val2014_000000557357.jpg,1,1,1,0,0,1,0,1,0,0,,,oven,,"The image features a tray filled with a delicious assortment of broccoli and brussels sprouts. There are numerous pieces of broccoli spread across the tray, with some pieces placed closer to the front and others further back. The brussels sprouts are also present, with a few of them scattered throughout the tray. The dish appears to be ready to be cooked, as it is placed on a stove top. The close-up view of the tray highlights the vibrant colors and textures of the vegetables.","The image features a tray filled with a delicious assortment of broccoli and brussels sprouts. The broccoli is spread across the tray, with some pieces placed closer to the front and others further back. The brussels sprouts are also scattered throughout the tray, with some sprouts being larger and others smaller. The tray appears to be a tray of food, possibly for a meal or a snack."
557595,COCO_val2014_000000557595.jpg,3,3,3,0,0,0,0,0,0,0,,,,,"The image features a man walking down a street while holding a skateboard. He is wearing a shirt and jeans, and the skateboard is positioned in front of him. Another person can be seen walking behind him, carrying a handbag.

In the background, there is a bus parked on the side of the street, adding to the urban setting of the scene. The man with the skateboard appears to be the main focus of the image, as he continues his journey down the street.","The image features a man walking down the street while holding a skateboard. He is wearing a shirt and jeans, and the skateboard is positioned in front of him. The man appears to be the main focus of the image, with the skateboard being the central object in the scene.

In the background, there is a bus parked on the street, and a handbag can be seen placed nearby. Additionally, there is a person walking behind the man, but they are not the main subject of the image."
559665,COCO_val2014_000000559665.jpg,5,5,5,0,0,0,0,0,0,0,,,,,"The image features a man riding a motorcycle down a street, with another person sitting behind him. The motorcycle is positioned in the middle of the scene, and the man riding it appears to be wearing a helmet. 

There are several cars in the background, with one on the left side of the street, another on the right side, and a third car further back. A traffic light can be seen in the upper part of the scene, indicating that the motorcycle is riding through an intersection. 

Additionally, there is a backpack placed on the ground near the center of","The image features a man riding a motorcycle on a street, with another man sitting behind him. The man sitting behind is wearing a helmet, indicating that they are both riding the motorcycle together. The motorcycle is parked on the side of the road, and the man sitting behind is wearing a backpack.

There are several cars in the scene, with one car parked behind the motorcycle and two cars on the opposite side of the street. Additionally, there are two traffic lights visible in the image, one near the center of the image and another towards the right side of the image."
560463,COCO_val2014_000000560463.jpg,2,2,2,0,0,0,1,0,0,1,,,,sports ball,"The image features a young man dressed in a blue and white jacket, holding a tennis racket in his hand. He appears to be posing for a picture, possibly in a hallway or a similar indoor setting. The man is standing on a tiled floor, which adds to the overall ambiance of the scene.","The image features a young man dressed in a blue and white jacket, holding a tennis racket and preparing to play tennis. He is standing on a tennis court, ready to hit the tennis ball. The tennis racket is positioned in his hand, ready for action.

The tennis court appears to be a part of a tennis court complex, as there are multiple tennis courts visible in the background. The young man appears to be the main focus of the image, showcasing his readiness to engage in a tennis match."
561856,COCO_val2014_000000561856.jpg,3,3,3,0,0,0,0,0,0,0,,,,,"The image depicts a group of people walking down a street in the rain, holding umbrellas to protect themselves from the downpour. There are at least 13 people visible in the scene, with some of them carrying handbags. The umbrellas come in various sizes and colors, providing a vibrant and lively atmosphere.

The street is lined with buildings, and the people are walking in different directions, creating a sense of movement and activity. The scene captures the essence of a rainy day in an urban environment, with people going about their daily routines despite","The image depicts a group of people walking down a street in the rain, holding umbrellas to protect themselves from the rain. There are several people in the scene, with some walking closer to the camera and others further away. The people are carrying various umbrellas, with some of them being pink, pink and pink, and pink and pink umbrellas.

In addition to the people and umbrellas, there are a few handbags visible in the scene, with one near the center of the scene and another closer to the right side of the image."
562207,COCO_val2014_000000562207.jpg,2,2,2,0,0,0,0,0,0,0,,,,,"The image features a group of three people standing next to a large elephant in a river. The elephant is positioned in the middle of the scene, with one person standing on its left side, another on its right side, and the third person standing in front of it. The people appear to be enjoying their time with the elephant, possibly taking a break from a hike.

In the background, there are mountains visible, adding to the picturesque setting of the scene. The group seems to be having a great time, creating a memorable experience with the majestic animal.","The image features a group of people standing near a large elephant, which is standing in a river. The elephant is positioned between the people, with one person standing on its left side, another on its right side, and a third person standing behind it. The people are observing the elephant and enjoying the unique experience of being so close to such a majestic creature.

The people are standing in the water, with some of them wearing shorts, indicating that the weather is likely warm. The scene captures a moment of awe and wonder as the people interact with the eleph"
562261,COCO_val2014_000000562261.jpg,2,2,2,0,0,0,0,0,0,0,,,,,"The image features a man with curly hair, wearing a black shirt, and holding a white frisbee in his hands. He appears to be in a field, possibly enjoying a game of frisbee or simply posing for the picture. The man is smiling and appears to be having a good time.","The image features a man with curly hair, wearing a black shirt, and holding a white frisbee in his hands. He is standing in a grassy field, possibly in a park, and appears to be enjoying a game of frisbee. The man is smiling and appears to be in the middle of a playful moment.

The frisbee is positioned in the center of the image, with the man holding it in his hands. The man's arms are spread out, showcasing his enthusiasm for the game. The scene captures a fun and"
563730,COCO_val2014_000000563730.jpg,3,3,3,0,0,0,0,0,0,0,,,,,"The image features a green plastic spoon placed next to a small orange on a table. The spoon is positioned on the left side of the orange, with the two objects sitting close to each other. The orange is placed in the center of the scene, and the spoon's handle is visible on the right side. The table appears to be a dining table, and the scene is set in a room.","The image features a green plastic spoon placed next to an orange on a table. The spoon is designed to look like a spoon, but it is actually a plastic spoon with a spoon-shaped handle. The spoon is positioned to the left of the orange, which is placed on the table. The spoon is quite large compared to the orange, making it an interesting and unique combination of objects."
5652,COCO_val2014_000000005652.jpg,2,2,2,0,0,0,0,0,0,0,,,,,"The image features a young child, possibly a baby, sitting down and holding a cell phone to their ear. The child appears to be smiling and enjoying the conversation. The cell phone is positioned close to the child's ear, and the child's hand is holding it securely. The scene captures a playful and innocent moment in the child's life.","The image features a young child, possibly a baby, sitting down and holding a cell phone to their ear. The child appears to be smiling and enjoying the experience of talking on the phone. The child's hand is positioned on the cell phone, holding it securely. The child's facial expression and the child's hand on the phone suggest that the child is engaged and engaged in a conversation or simply enjoying the novelty of the experience."
565597,COCO_val2014_000000565597.jpg,2,2,2,0,0,2,0,2,0,0,,,bowl; knife,,"The image features a dining table with a white plate containing a slice of pizza and a slice of calzone. The pizza slice is placed on the left side of the plate, while the calzone slice is on the right side. The table also has a red and white checkered tablecloth, adding a touch of color to the scene.

In addition to the main dishes, there are a few other items on the table. A knife can be seen on the left side of the plate, and a bowl is located near the top right corner of the table. There are also two mushrooms","The image features a dining table with a white plate containing a slice of pizza and a slice of pizza pie. The pizza pie is placed on a white plate, and the pizza slice is also on a white plate. The pizza pie appears to be a pizza pie with mushrooms, while the pizza slice is a slice of pizza pie with mushrooms. The pizza pie is larger than the pizza slice, occupying a significant portion of the plate. The pizza pie and pizza slice are placed on the table, ready to be enjoyed."
566576,COCO_val2014_000000566576.jpg,2,1,1,1,0,1,1,0,1,0,bus,,,,"The image features a large bus station with a blue bus parked in front of a building. The bus station is bustling with activity, as several people are walking around and waiting for their buses. There are at least 12 people visible in the scene, some of them carrying handbags.

In addition to the blue bus, there are two other buses in the background, one on the right side and another further back. The bus station appears to be a hub for public transportation, with people coming and going, and buses arriving and departing.","The image features a large bus station with a blue bus parked in front of a bus station building. The bus station is bustling with activity, as several people are waiting at the bus station, likely waiting for their bus or preparing to board the bus. 

There are at least 12 people visible in the scene, with some standing closer to the bus and others further away. Some people are carrying handbags, with at least three handbags visible in the scene. The bus station appears to be a busy and bustling location, with people coming and"
566596,COCO_val2014_000000566596.jpg,2,2,2,0,0,2,0,2,0,0,,,baseball bat; potted plant,,"The image is a black and white photograph of a young boy sitting on a large stuffed animal, which appears to be a teddy bear. The boy is positioned in the center of the scene, with the teddy bear occupying a significant portion of the image. The boy is holding a baseball bat, adding a playful element to the scene.

In the background, there are several potted plants scattered around the area, creating a lively and playful atmosphere. The plants are of various sizes and are placed at different distances from the boy, with some closer to the foreground and others further in the background.","The image is a black and white photograph of a young boy sitting on a large stuffed animal, which appears to be a teddy bear. The boy is sitting on the teddy bear, which is placed on the grass. The boy is holding a toy, possibly a toy gun, while sitting on the teddy bear. The scene appears to be a playful and fun moment captured in the photograph."
567886,COCO_val2014_000000567886.jpg,3,3,3,0,0,1,1,0,1,0,,,,,"The image features a person lying on the floor, with their feet propped up on a stuffed teddy bear. The teddy bear is positioned near the person's feet, and it appears to be a comfortable spot for the person to rest. 

In addition to the teddy bear, there are several books scattered around the room, with some placed near the person and others on the floor. A pair of scissors can also be seen on the floor, possibly indicating that the person was engaged in some crafting or DIY project.","The image features a person lying on the floor, with their feet propped up on a stuffed teddy bear. The teddy bear is positioned near the person's feet, and the person's feet are resting on the teddy bear. The person is wearing jeans, and their feet are bare.

In the scene, there are several books scattered around the room, with some books placed near the person and others scattered around the room. A pair of scissors can also be seen on the floor, possibly indicating that the person was engaged in some crafting or DIY project."
570107,COCO_val2014_000000570107.jpg,3,3,3,0,0,5,2,3,2,0,,,book; vase; wine glass,,"The image features a man wearing a backpack and carrying a cat on his back. The cat is comfortably resting on the man's backpack, enjoying the ride. The man is standing in a room, possibly a living room, with a couch in the background.

In addition to the man and the cat, there are several other objects in the room. There are two potted plants, one on the left side and another on the right side of the room. A wine glass can be seen on a surface, and a vase is placed nearby. A book is also visible, possibly indicating that","The image features a man wearing a backpack and carrying a cat on his back. The cat is comfortably resting on the man's back, enjoying the ride. The man is standing in a room, possibly a living room, with a couch in the background.

In the room, there are several potted plants placed around the room, adding a touch of greenery to the space. A couch is located in the background, and a potted plant is placed on the floor near the couch. Additionally, there are two potted plants in the room, one near the couch and another"
57222,COCO_val2014_000000057222.jpg,1,1,1,0,0,0,0,0,0,0,,,,,"The image features two large brown teddy bears sitting next to each other on a grassy field. They are both wearing pink scarves, adding a touch of color to the scene. The teddy bears are positioned in such a way that they appear to be looking at each other, creating a sense of companionship.

In the background, there are several other teddy bears scattered around, some of which are also wearing pink scarves. The arrangement of the teddy bears creates a playful and inviting atmosphere.","The image features two large brown teddy bears sitting next to each other, both wearing pink scarves. The teddy bears are positioned in a way that they appear to be looking at each other. The teddy bears are placed on a grassy area, possibly in a field or a park.

In the background, there are several other teddy bears scattered around the scene, adding to the playful and whimsical atmosphere of the scene."
573622,COCO_val2014_000000573622.jpg,1,1,1,0,0,2,2,0,2,0,,,,,"The image features a long white and red train traveling down the tracks, passing through a rural area. The train is moving along the tracks, with a total of 13 cars visible in the scene. The train appears to be a passenger train, as it is designed for transporting people rather than cargo.

The train is surrounded by a lush green field, giving the impression of a peaceful and scenic environment. The sky above the train is partly cloudy, adding to the overall atmosphere of the scene.","The image features a long train traveling down the tracks, with a train station visible in the background. The train is moving along the tracks, and it appears to be a passenger train, as it is carrying many passengers. The train is quite long, with multiple cars attached to it, and it appears to be a commuter train.

The train is traveling past a fence, and there are several cars parked nearby, possibly belonging to passengers waiting for the train or commuters arriving at the station. The scene captures the essence of a busy train station and the daily commute for commuters."
574785,COCO_val2014_000000574785.jpg,1,1,1,0,0,0,0,0,0,0,,,,,"The image features a small white airplane flying high in the sky. The airplane is positioned in the middle of the scene, with its wings spread out, showcasing its impressive size. The airplane appears to be a propeller plane, as it is flying through the air with its propellers visible. The sky is clear and blue, providing a perfect backdrop for the airplane's flight.","The image features a small airplane flying high in the sky, with its wings spread wide. The airplane is white and appears to be a single-engine plane. The airplane is flying in a clear blue sky, and the airplane's wings are visible as it flies through the sky. The airplane appears to be flying at a relatively low altitude, as it is visible from below."
575222,COCO_val2014_000000575222.jpg,2,2,2,0,0,1,0,1,0,0,,,car,,"The image features a lively scene of a group of children riding on a series of colorful, small train cars. The train cars are arranged in a circular formation, with each car being connected to the next. The children are enjoying their time on the miniature train, which appears to be a popular attraction at a park or amusement area.

There are several children visible in the scene, with some sitting in the train cars and others standing nearby. The train cars are positioned at various angles, creating a dynamic and engaging atmosphere for the children to enjoy.","The image features a lively scene of a group of children riding on a train ride at a park. The train ride is designed to look like a train, and it is filled with children enjoying the ride. The train ride is surrounded by a lush green field, creating a lively and l"
575357,COCO_val2014_000000575357.jpg,2,2,2,0,0,0,0,0,0,0,,,,,"The image features a large brown dog running through a grassy field, chasing a red frisbee. The dog is in the middle of the field, with the frisbee visible in the air towards the left side of the scene. The dog appears to be enjoying the game and is fully engaged in the activity.","The image features a large brown dog running through a grassy field, chasing a red frisbee. The dog is in the middle of the field, with the frisbee visible in the air, slightly ahead of the dog. The dog appears to be in motion, possibly chasing the frisbee with enthusiasm.

The field is surrounded by a fence, which adds to the outdoor, open atmosphere of the scene. The dog's enthusiasm and the dog's size suggest that it might be a large breed, such as a Labrador or a Golden Retrie"
576650,COCO_val2014_000000576650.jpg,6,5,4,2,1,1,0,1,0,0,backpack; traffic light,motorcycle,truck,,"The image depicts a busy city street filled with a large group of people walking and riding bicycles. There are numerous bicycles scattered throughout the scene, with some riders wearing backpacks. The pedestrians and cyclists are crossing the street at a crosswalk, with a traffic light visible in the middle of the scene.

In addition to the bicycles, there are several cars and a truck visible on the street, indicating a bustling urban environment. Some people are carrying handbags, and a few individuals are wearing ties, suggesting a diverse range of","The image depicts a busy city street with a large crowd of people walking and riding bicycles. There are numerous people crossing the street at a crosswalk, while others are riding bicycles or riding motorcycles. The bicycle riders are scattered throughout the scene, with some riding closer to the foreground and others further back in the scene.

In addition to the bicycle riders, there are several people walking on the street, some of whom are carrying handbags. The street is also filled with various vehicles, including cars, motorcycles, and bicy"
577251,COCO_val2014_000000577251.jpg,1,1,1,0,0,0,0,0,0,0,,,,,"The image features a group of cows standing in a grassy field. There are three cows in total, with one large black cow standing prominently in the foreground, while the other two cows are positioned further back in the field. The cows appear to be grazing on the grass, enjoying their time in the open field.","The image features a group of cows standing in a grassy field. There are three cows in total, with one large black cow standing prominently in the foreground, while the other two cows are positioned further back in the field. The cows are grazing on the grass, enjoying the lush green field. The cows are spread out in the field, with one cow standing closer to the left side of the field, another cow in the middle, and the third cow on the right side of the field."
578522,COCO_val2014_000000578522.jpg,1,2,1,0,1,3,0,3,0,0,,boat,fire hydrant; potted plant; truck,,"The image features a black car driving down a street with a green street sign on the side of the road. The car is passing by a house and appears to be heading towards a park. The street is lined with trees, providing a pleasant atmosphere.

There are several potted plants placed along the sidewalk, adding to the greenery of the scene. A truck can also be seen parked on the side of the road, and a fire hydrant is visible near the middle of the scene.","The image features a black car driving down a street with a canoe strapped to its roof. The car is driving down the street, passing by a street sign that reads ""Anus View."" The car is also passing by a street sign that reads ""Anus View."" The car is driving down the street, passing by a street sign that reads ""Anus View."" The car is driving down the street, passing by a street sign that reads ""Anus View."" The car is driving down the street, passing by a street sign that reads ""Anus View."" The car is driving down the street, passing by a street"
581205,COCO_val2014_000000581205.jpg,5,6,3,2,3,0,0,0,0,0,bottle; vase,chair; knife; spoon,,,"The image features a wooden dining table set with a variety of food and utensils. There are two plates of food, one placed closer to the left side of the table and the other near the center. The table is also adorned with a vase, adding a decorative touch to the setting.

Several cups are scattered across the table, with one near the left edge, another in the middle, and the third one closer to the right side. A bottle can be seen on the table as well, positioned near the center.

Utensils such as forks","The image features a dining table set with a variety of breakfast foods. The table is adorned with two plates of food, including a plate of eggs and another plate of eggs and eggs benedict. There are also two plates of eggs benedict on the table. The table is set with a variety of utensils, such as forks, knives, and spoons, as well as a cup and a cup of coffee.

The table is surrounded by chairs, with one chair on the left side of the table and another on the right side. The table is also adorn"
581593,COCO_val2014_000000581593.jpg,5,4,4,1,0,0,0,0,0,0,carrot,,,,"The image features a dining table with a white plate containing a delicious meal. The plate is topped with a variety of food items, including meat, potatoes, and vegetables. There are several carrots scattered across the plate, adding a pop of color to the dish. 

In addition to the plate, there is a wine glass placed on the table, suggesting that the meal is accompanied by a glass of wine. A fork is also visible on the table, ready to be used for enjoying the meal. The table is surrounded by chairs, with one chair positioned on the","The image features a dining table with a white plate filled with a delicious meal. The plate contains a variety of food items, including meat, potatoes, and vegetables. The plate is placed on a table with a wooden tabletop. 

The table is set with a fork and a fork, and there is a wine glass on the table as well. The table is surrounded by chairs, with one chair on the left side of the table and another on the right side. The table is set for a meal, and the meal appears to be a hearty and appetizing meal."
59108,COCO_val2014_000000059108.jpg,1,1,1,0,0,0,0,0,0,0,,,,,"The image is a collage of four different shots of a red fire hydrant. Each shot captures a different angle of the fire hydrant, showcasing its various features. The fire hydrant is located on a sidewalk, and the shots are arranged in a way that highlights its unique design and color. The collage provides a comprehensive view of the fire hydrant, allowing viewers to appreciate its details from different perspectives.","The image is a collage of four different shots of a red fire hydrant. Each shot captures a different angle or perspective of the fire hydrant, showcasing its various angles and angles. The fire hydrant is located on a sidewalk, and the hydrant is painted red.

In the collage, the fire hydrant is captured in four different positions, with each position being captured in a separate shot. The collage provides a comprehensive view of the fire hydrant, allowing viewers to appreciate its design and structure from multiple angles."
61658,COCO_val2014_000000061658.jpg,1,1,1,0,0,0,0,0,0,0,,,,,"The image features a white plate filled with a variety of vegetables, including several pieces of broccoli and cauliflower. The broccoli is scattered across the plate, with some pieces placed closer to the center and others towards the edges. The cauliflower is also present, with a few pieces located near the broccoli and others spread out across the plate. The arrangement of the vegetables creates a colorful and appetizing display.","The image features a white plate filled with a variety of vegetables, including broccoli, cauliflower, and cauliflower. The broccoli is scattered across the plate, with some pieces placed closer to the edge and others closer to the center. The cauliflower is also scattered across the plate, with some pieces being larger and others smaller. The cauliflower pieces are scattered throughout the plate, with some pieces being larger and others smaller. The plate is filled with a variety of vegetables, making it a colorful and healthy meal."
64889,COCO_val2014_000000064889.jpg,2,2,2,0,0,0,0,0,0,0,,,,,"The image captures a group of people playing a game of frisbee in a park. There are three main players in the scene, with one person in the center and two others on the right side of the image. They are all actively engaged in the game, with one person holding a frisbee in the air.

In addition to the main players, there are two more people in the background, one on the left side and another on the right side of the image. They are also participating in the game, adding to the lively atmosphere of the park.","The image captures a group of people playing a game of frisbee in a park. There are three people in the image, each engaged in the game. One person is in the middle of throwing the frisbee, while the other two players are positioned nearby, ready to catch or catch up to the frisbee.

The frisbee is visible in the air, and the players are spread out across the park, with one person on the left side, another on the right side, and the third person in the middle of the scene. The players are actively engaged in the game"
65394,COCO_val2014_000000065394.jpg,3,3,3,0,0,0,0,0,0,0,,,,,"The image features a man sitting in a yellow kayak, accompanied by his dog. The dog is positioned in the front of the kayak, and the man is holding onto the dog's harness, ensuring their safety during the kayaking adventure. The man appears to be enjoying the experience, and the dog seems to be comfortable in the water.

The kayak is located in the middle of the scene, with the man and his dog being the main focus. The water appears to be calm, providing a serene environment for their outing.","The image features a man sitting in a yellow kayak, accompanied by his dog. The man is wearing a life jacket, ensuring safety during their time on the water. The dog is also wearing a life jacket, ensuring the safety of the dog as well. The man is holding the dog's leash, ensuring the dog stays close to him.

The scene takes place on a dock, with the man and his dog in the kayak. The man is sitting in the kayak, and the dog is sitting next to him, both enjoying their time on the water"
67213,COCO_val2014_000000067213.jpg,3,3,3,0,0,1,0,1,0,0,,,truck,,"The image captures a dog performing a daring trick in mid-air, jumping over a swimming pool. The dog is in the center of the scene, showcasing its impressive leap. 

There are several people watching the dog's performance, with some standing closer to the pool and others further away. A few cars are parked around the area, with one on the left side of the scene, another on the right side, and a third one further back. Additionally, there is a truck parked near the left edge of the image.","The image captures a dog performing a trick in mid-air, jumping over a swimming pool. The dog is captured in mid-air, showcasing its impressive jumping ability. 

In the scene, there are several people watching the dog's performance. Some of them are standing near the pool, while others are scattered around the area. There are also several cars parked in the vicinity, with some cars parked near the pool and others parked further away.

The scene appears to be a lively event, with people gathered to witness the dog's impressive trick."
67765,COCO_val2014_000000067765.jpg,5,2,2,3,0,2,0,2,0,0,backpack; chair; scissors,,book; teddy bear,,"The image depicts a family gathered around a dining table, engaged in a craft project. There are several people in the scene, including a man, a woman, and a child. The table is filled with various craft materials, such as scissors, glue, and books. 

In addition to the people and craft materials, there are a few chairs placed around the table, and a couple of teddy bears can be seen in the background. A backpack is also visible in the scene, likely belonging to one of the family members. The atmosphere appears to be fun and collaborative, as","The image depicts a family gathered around a dining table, working together to create a collage. There are four people in the scene, including a man, a woman, and two children. The family members are engaged in the activity, with the man and woman actively engaged in the collage-making process.

The table is filled with various items, including a dining table, a dining table with a dining table cloth, a dining table with a dining table cloth, and a dining table with a dining table cloth. The table is also adorned with a dining table"
67959,COCO_val2014_000000067959.jpg,1,1,1,0,0,1,0,1,0,0,,,dining table,,"The image features a box filled with a variety of delicious donuts. There are six donuts in total, each with different flavors and toppings. The donuts are arranged in a visually appealing manner, with some placed closer to the front of the box and others towards the back.

The donuts are of various sizes and shapes, showcasing the diverse assortment of flavors available. The box is placed on a dining table, ready to be enjoyed by those who will indulge in these sweet treats.","The image features a box filled with a variety of donuts, each with different flavors and toppings. There are six donuts in total, with some featuring chocolate frosting and others featuring chocolate frosting and chocolate sprinkles. The donuts are arranged in a visually appealing manner, with some donuts placed closer to the front of the box and others placed further back. The assortment of donuts in the box offers a delightful assortment of flavors and textures for those who enjoy indulging in these sweet treats."
70020,COCO_val2014_000000070020.jpg,2,2,2,0,0,0,0,0,0,0,,,,,"The image features a woman standing on a tennis court, holding a tennis racket and preparing to play. She is wearing a white shirt and a red skirt, which is a common attire for tennis players. Another person can be seen in the background, possibly watching the game or waiting for their turn to play.

There are two tennis rackets visible in the scene, one held by the woman and another one placed on the ground. The woman appears focused and ready to engage in the game, showcasing her athleticism and skill.","The image features a woman standing on a tennis court, holding a tennis racket and preparing to play tennis. She is wearing a pink and pink outfit, which is typical attire for tennis players. The woman appears to be focused and ready to play.

There are several other people in the scene, some of whom are also holding tennis rackets, indicating that they might be fellow tennis players or spectators. The presence of multiple people on the court suggests that this could be a tennis practice session or a tennis event."
70460,COCO_val2014_000000070460.jpg,2,2,2,0,0,0,0,0,0,0,,,,,"The image features a train car with graffiti covering its exterior. The train is parked on a track, and the graffiti is visible on the side of the train car. The graffiti is colorful and covers a significant portion of the train car, making it stand out.

In the background, there is a mountain visible, adding to the scenic setting of the image. The train car appears to be an old passenger train, and the graffiti on it gives it a unique and artistic appearance.","The image features a train car with graffiti covering its exterior. The graffiti is colorful and covers a significant portion of the train car, making it stand out. The train car is parked on a track, and the graffiti covers the entire length of the train car, from the front to the back. The graffiti adds a unique and artistic touch to the train car, making it a distinctive sight."
7088,COCO_val2014_000000007088.jpg,4,4,4,0,0,0,0,0,0,0,,,,,"The image features a young girl standing on a sidewalk, holding a black umbrella to protect herself from the rain. She is wearing a red jacket and appears to be enjoying the experience. The umbrella is open, providing coverage for the girl as she stands in the rain.

In the background, there is a car parked on the street, and a truck can be seen further away. The scene captures the girl's playfulness and resilience in the face of the rainy weather.","The image features a young girl standing on a sidewalk, holding a black umbrella to protect herself from the rain. She is wearing a red jacket and is positioned near a bush. The girl appears to be enjoying the rainy weather, as she is smiling while holding the umbrella.

In the background, there is a car parked on the street, and a truck can be seen further down the street. The scene captures a moment of joy and enjoyment despite the rainy weather."
71215,COCO_val2014_000000071215.jpg,3,3,3,0,0,1,0,1,0,0,,,traffic light,,"The image features a man riding in a horse-drawn carriage, with two horses pulling the carriage. The man is sitting in the carriage, enjoying the ride. There are several other people in the scene, some of them standing near the carriage, while others are further away.

In the background, there is a car parked on the side of the road, and a traffic light can be seen in the distance. The scene appears to be set in a city or town, with the horse-drawn carriage providing a unique and nostalgic mode of transportation.","The image features a man riding in a horse-drawn carriage, with a horse pulling the carriage down the street. The man is sitting in the carriage, enjoying the ride. There are several other people in the scene, some of them riding in the carriage and others walking nearby.

In the background, there is a car parked on the side of the street, and a horse can be seen standing nearby. The scene appears to be a lively and enjoyable outdoor event, with people enjoying the carriage ride and the company of others."
71357,COCO_val2014_000000071357.jpg,1,1,1,0,0,1,1,0,1,0,,,,,"The image features a yellow train parked at a train station, with a brick wall visible in the background. The train is positioned on the tracks, occupying a significant portion of the scene. The train appears to be a passenger train, as it is designed for public transportation.

There are several people in the scene, with some standing near the train and others scattered around the platform. They seem to be waiting for the train or simply passing by. The presence of multiple people indicates that the train station is a busy location, likely serving as a hub for commuters and travelers.","The image features a yellow train parked at a train station, waiting for passengers to board. The train is positioned on the tracks, occupying a significant portion of the image. The train is parked next to a platform, which is likely where passengers will board the train.

There are several people in the image, some of them standing near the train, possibly waiting to board the train or just passing by. The people are scattered around the platform, with some closer to the train and others further away."
72052,COCO_val2014_000000072052.jpg,3,3,3,0,0,0,1,0,0,1,,,,cow,"The image features a busy street corner with a stop sign prominently displayed on the left side of the scene. A yellow taxi cab is parked on the right side of the street, and a few other cars can be seen in the background. There is also a truck parked further back on the right side of the street.

The street corner is located near a building, and a street sign is visible above the stop sign. The scene captures the hustle and bustle of a typical urban environment.","The image features a busy street corner with a stop sign prominently displayed at the corner of OX and OXOR streets. The stop sign is positioned near a red stop sign, which is also visible in the scene. The intersection is located in a busy area, as evidenced by the presence of multiple cars and a truck parked or passing by.

There are several cars parked or driving along the street, with some cars parked closer to the stop sign and others further away. A truck is also visible on the street, adding to the busy atmosphere of the scene. The stop sign and"
7281,COCO_val2014_000000007281.jpg,2,2,2,0,0,1,0,1,0,0,,,bird,,"The image captures a lively scene on a beach, where a man is riding a horse while another man is riding a donkey. The man on the horse is holding a stick, possibly a whip, as he and the donkey rider gallop across the sandy shore. 

There are several other people in the scene, some of them standing or walking around, possibly enjoying the beach atmosphere. The beach is also populated by a few birds, adding to the vibrant and dynamic nature of the scene.","The image captures a lively scene on a beach, where a man is riding a horse while another man is riding a horse behind him. The man riding the horse is holding a stick, possibly a whip, as he rides. There are several other people in the scene, some of them riding horses and others watching the action.

In total, there are four horses visible in the scene, with one horse ridden by the man holding the stick, and the other three horses ridden by other people. The people in the scene are spread out across the beach, with some standing closer to the"
74617,COCO_val2014_000000074617.jpg,3,3,3,0,0,0,0,0,0,0,,,,,"The image features a tennis court with two young boys playing a game of tennis. One boy is actively swinging a tennis racket, hitting a tennis ball that is in the air. The other boy is standing nearby, likely waiting for his turn or observing the game.

There are several tennis balls scattered around the court, indicating that the boys have been practicing their shots. The tennis rackets are also visible, with one racket being held by the boy actively hitting the ball and the other racket placed on the ground.","The image features a tennis court with two young boys playing a game of tennis. One boy is actively hitting a tennis ball with a tennis racket, while the other boy is watching the action. There are multiple tennis balls scattered around the court, indicating an ongoing game.

In addition to the two main players, there are two more people in the scene, one of whom is holding a tennis racket, and the other is standing near the court. The tennis court is surrounded by a fence, and there are several tennis balls scattered around the court, indicating an active game."
75611,COCO_val2014_000000075611.jpg,1,1,1,0,0,1,0,1,0,0,,,cow,,"The image features a group of horses in a grassy field, with two of them standing close to each other. The horses are positioned in various directions, creating a sense of depth in the scene. One horse is located on the left side of the image, while the other is on the right side. 

In addition to the horses, there are several cows scattered throughout the field. Some cows are closer to the horses, while others are further away, creating a diverse and lively atmosphere in the pasture.","The image features a group of horses in a grassy field, with two horses standing out in the foreground. The horses are positioned in the middle of the field, surrounded by a lush green field. The horses appear to be grazing or enjoying the open space.

In the background, there are several other horses scattered throughout the field, creating a sense of depth and a sense of a herd. The horses are of various sizes and are dispersed throughout the field, creating a sense of movement and activity in the scene."
78194,COCO_val2014_000000078194.jpg,3,3,3,0,0,0,0,0,0,0,,,,,"The image features a young child lying on a couch, holding a toothbrush in their mouth. The child appears to be brushing their teeth, possibly as part of a bedtime routine. The couch is covered with a white pillow, providing a comfortable surface for the child to rest on. The scene captures a moment of daily life, showcasing the importance of oral hygiene for children.","The image features a young child lying on a couch, holding a toothbrush in their mouth. The child appears to be brushing their teeth, possibly learning good oral hygiene habits. The child is positioned on the couch, with the couch cushion providing a comfortable surface for the child to lie on. The child is also holding a toothbrush in their mouth, which is a common sight in this scenario."
78288,COCO_val2014_000000078288.jpg,3,3,3,0,0,1,1,1,0,1,,,backpack,bicycle,"The image features a man standing next to a parked motorcycle in a wooded area. The motorcycle is positioned on the left side of the scene, with the man standing on the right side. The man is wearing a backpack, which is placed on the ground near the motorcycle.

In addition to the motorcycle, there are two benches in the scene, one located in the middle and the other on the right side. The man appears to be posing for a picture, possibly enjoying his time in the woods.","The image features a man standing next to a parked motorcycle in a wooded area. The man is wearing a helmet and appears to be the motorcycle's owner. The motorcycle is parked on a dirt road, surrounded by trees and a bench nearby.

The motorcycle is a dirt bike, and it is parked on the side of the road. The man is standing next to the motorcycle, possibly taking a break or preparing to ride. The scene captures a moment of leisure and outdoor adventure."
79545,COCO_val2014_000000079545.jpg,0,0,0,0,0,0,0,0,0,0,,,,,"The image features a group of four deer grazing in a lush green field near a river. The deer are spread out across the field, with one deer on the left side, another in the middle, and two more on the right side. They are all focused on the grass, enjoying their meal.

The river is visible in the background, adding to the serene and picturesque scene. The field is surrounded by trees, creating a natural and peaceful environment for the deer to graze in.","The image features a group of four deer grazing in a grassy field near a river. The deer are spread out across the field, with one deer grazing closer to the left side of the field, another deer grazing in the middle, and the other two deer grazing near the right side of the field. The deer are peacefully grazing in the grassy field, enjoying the natural environment."
79689,COCO_val2014_000000079689.jpg,4,3,3,1,0,0,0,0,0,0,sink,,,,"The image depicts a person sitting on a chair in a bathroom, with a toilet visible in the background. The person appears to be looking at the camera, possibly taking a selfie. The bathroom is equipped with a sink and a mirror, which is located above the toilet.

There are several clothes hanging on the wall, with a total of five items visible. The clothes are arranged in a row, with some closer to the person sitting on the chair and others further away. The scene gives off a casual and relaxed atmosphere.","The image depicts a person sitting on a chair in a bathroom, with a toilet visible in the background. The person appears to be sitting in a dark room, possibly a bathroom or a room with limited lighting. The person is sitting on a chair, which is positioned in the foreground of the image.

The bathroom features a toilet and a toilet paper roll, which is placed on the toilet. There is also a toilet paper roll on the floor, closer to the toilet. The bathroom appears to be a small space, with the"
80273,COCO_val2014_000000080273.jpg,2,2,2,0,0,0,0,0,0,0,,,,,"The image features a man wearing a green jacket and a helmet, standing on a snowboard in the snow. He appears to be preparing to ride the snowboard down the slope. The man is positioned in the center of the scene, with the snowboard beneath his feet.

The snowboard is quite large, covering a significant portion of the ground, and it is placed horizontally in the image. The man's outfit, including the green jacket and helmet, suggests that he is well-prepared for the snowboarding activity.","The image features a man wearing a green jacket and a green hat, standing on a snowboard in the snow. He is positioned on a snowboard, ready to ride down the slope. The man appears to be enjoying his time on the snowboard, possibly preparing to ride down the slope. The snowboarder is the main focus of the image, with the snowboarder and snowboard taking up a significant portion of the image."
81390,COCO_val2014_000000081390.jpg,1,1,1,0,0,1,1,0,1,0,,,,,"The image features two giraffes standing next to each other in a wooded area. One giraffe is positioned closer to the left side of the image, while the other is on the right side. They are both looking up at a tree, possibly observing a bird perched on a branch.

The tree has a bird feeder attached to it, which the giraffes seem to be interested in. The bird feeder is located near the top of the tree, and the giraffes are standing underneath it, enjoying the view of the bird.","The image features two giraffes standing next to each other in a wooded area. One giraffe is positioned closer to the left side of the image, while the other is located more towards the center. They are both standing near a tree, with one giraffe standing closer to the tree and the other slightly further away.

In addition to the giraffes, there is a bird perched on the tree, adding to the natural ambiance of the scene. The giraffes appear to be looking up at the bird, possibly observing its presence or simply enjoying the view."
82375,COCO_val2014_000000082375.jpg,1,2,1,0,1,0,0,0,0,0,,person,,,"The image features a grassy field with two zebras standing close to each other. One zebra is larger and positioned towards the left side of the field, while the other zebra is smaller and located more towards the center. They appear to be standing near a tree, possibly seeking shade or protection from the sun. The field is vast and open, providing ample space for the zebras to roam and graze.","The image features a mother zebra and her baby zebra standing in a grassy field. The mother zebra is positioned on the left side of the image, while the baby zebra is standing close to her on the right side. The mother zebra appears to be looking at the camera, while the baby zebra is looking away.

The field is surrounded by a grassy field and a tree, providing a natural and serene environment for the zebras. The zebras appear to be enjoying their time in the field, possibly grazing or resting."
82812,COCO_val2014_000000082812.jpg,5,4,4,1,0,0,0,0,0,0,suitcase,,,,"The image depicts a busy train station with a train on the tracks, surrounded by a large number of people. The train is positioned towards the left side of the scene, while the people are scattered throughout the station, waiting for their train or simply passing by.

There are several individuals carrying luggage, including backpacks and handbags. Some of the people are standing close to the train, while others are further away, indicating that they are waiting for different trains or simply exploring the station. The overall atmosphere of the scene is bustling and lively, typical of a busy train station.","The image depicts a busy train station with a train parked at the station. The train is located on the left side of the image, and the train station is filled with people. There are numerous people standing and waiting in the station, some of them carrying backpacks and handbags.

In total, there are 13 people visible in the image, with some of them standing closer to the train and others scattered throughout the station. The people are waiting for the train to come to a stop, likely preparing to board the train or waiting for someone to arrive."
85390,COCO_val2014_000000085390.jpg,1,2,1,0,1,3,2,1,2,0,,microwave,bottle,,"The image features a man standing in a kitchen, holding a coffee mug in his hand. He is taking a selfie, capturing his reflection in the mirror. The man is wearing a blue shirt and appears to be enjoying his coffee.

The kitchen is well-equipped with various appliances, including a refrigerator on the right side of the room and an oven towards the back. There are also two bottles placed on the countertop, one closer to the left side and the other near the center of the scene.","The image features a man standing in a kitchen, holding a coffee mug with a skull on it. He is taking a selfie in the mirror, capturing his reflection as he poses with the mug. The man is wearing a blue shirt and appears to be enjoying his coffee.

The kitchen is well-equipped with various appliances, including a microwave, an oven, and a refrigerator. The microwave is located on the left side of the kitchen, while the oven is situated on the right side. The refrigerator is situated in"
85543,COCO_val2014_000000085543.jpg,1,1,1,0,0,1,0,1,0,0,,,person,,"The image features a box filled with a variety of donuts, each with different flavors and toppings. There are six donuts in total, with some of them being glazed and others having frosting. The donuts are arranged in a visually appealing manner, with some placed closer to the front of the box and others towards the back. The assortment of donuts creates a mouth-watering display, inviting people to indulge in these sweet treats.","The image features a box filled with a variety of donuts, each with different flavors and toppings. There are six donuts in total, placed in the box. The donuts are arranged in a visually appealing manner, with some donuts placed closer to the front of the box and others towards the back.

The donuts are of various sizes and shapes, showcasing the variety of flavors and toppings available. The donuts are displayed in a way that highlights their unique features, making the box an attractive and appetizing sight."
88031,COCO_val2014_000000088031.jpg,4,4,4,0,0,1,0,1,0,0,,,chair,,"The image features a store display with a variety of items on a table. There is a toilet placed next to a composting toilet, which is a unique and eco-friendly alternative to traditional toilets. A book is also present on the table, likely providing information about the composting toilet or related topics.

In addition to the toilet and book, there are several chairs scattered around the display, with one chair located near the left side of the table, another chair in the middle, and a third chair on the right side. A potted plant can be","The image features a store display featuring a composting toilet and a composting toilet composting toilet. The composting toilet is placed next to a toilet, and both are positioned on a table. The composting toilet is a small, gray, and gray composting toilet, while the toilet is a standard white toilet.

In addition to the toilets, there are several books scattered around the display, with some placed on the table and others on the floor. A potted plant is also present in"
89395,COCO_val2014_000000089395.jpg,1,1,1,0,0,1,0,1,0,0,,,horse,,"The image features a black and gold fire hydrant situated in the middle of a circular driveway, surrounded by a cement area. The fire hydrant is positioned near a fence, which is likely part of a beach or coastal area. The fence is located on the left side of the fire hydrant, and the beach can be seen in the background.

In addition to the fire hydrant, there are two horses visible in the scene. One horse is located on the left side of the image, while the other is positioned further back, closer to the fence. The presence of the horses adds","The image features a black and gold fire hydrant situated in the middle of a circular driveway, surrounded by a circular cement area. The fire hydrant is located near a beach, with the beach visible in the background. The fire hydrant is positioned in the middle of the circular driveway, making it a focal point in the scene."
89781,COCO_val2014_000000089781.jpg,3,3,3,0,0,1,2,0,1,1,,,,bowl,"The image features a delicious meal served on a white plate, placed on a dining table. The plate consists of a hamburger, accompanied by a variety of side dishes, including a salad, pasta, and vegetables. The hamburger is accompanied by a bun, and the salad is made up of lettuce, tomatoes, and carrots.

In addition to the main dish, there are two forks on the table, one on the left side and the other on the right side. The table setting creates an inviting atmosphere for a meal shared with friends","The image features a delicious meal served on a white plate, placed on a dining table. The meal consists of a hamburger, a sandwich, and a variety of vegetables, including tomatoes, cucumbers, and carrots. The vegetables are arranged in a visually appealing manner, with the tomatoes and cucumbers placed near the sandwich and the carrots scattered around the plate.

In addition to the main meal, there is a bowl of pasta on the table, adding to the variety of the meal. A fork is also"
90284,COCO_val2014_000000090284.jpg,3,2,2,1,0,1,0,1,0,0,sports ball,,chair,,"The image features a woman playing tennis on a clay court. She is in the middle of a swing, holding a tennis racket and preparing to hit the ball. The woman appears to be focused and determined as she plays.

The tennis court is surrounded by a few chairs, with one chair located near the left side of the court and two chairs on the right side. The chairs are placed at various distances from the court, suggesting that they might be for spectators or players waiting for their turn.","The image features a woman playing tennis on a clay court, holding a tennis racket and swinging it with great force. She is in the middle of a powerful swing, showcasing her athleticism and skill. The woman is wearing a blue dress, which complements her tennis outfit.

The tennis court is surrounded by a clay court surface, which is typical for clay court tennis courts. The woman's tennis racket is visible in her hand, and her tennis racket is positioned in the air, indicating the force and intensity of her swing."
92187,COCO_val2014_000000092187.jpg,2,2,2,0,0,2,0,2,0,0,,,bench; potted plant,,"The image features a parking meter with a wooden toy figure, possibly a toy robot, placed on top of it. The toy figure is positioned in the middle of the parking meter, drawing attention to the unique combination of objects.

In the background, there are two umbrellas, one on the left side and the other on the right side of the scene. Additionally, there are two potted plants, one located near the left umbrella and the other near the right umbrella. A bench can also be seen in the background, situated between the two umbrellas.","The image features a parking meter with a wooden toy figure, possibly a wooden Jesus, placed on top of it. The toy figure is positioned in such a way that it appears to be smiling. The parking meter is located on the side of a street, and the parking meter itself is located on the sidewalk.

In the background, there are a few umbrellas, possibly indicating that the scene takes place in an outdoor area with seating arrangements. Additionally, there are two umbrellas in the background, one on the left side and another on the right side of"
94563,COCO_val2014_000000094563.jpg,3,3,3,0,0,1,0,1,0,0,,,carrot,,"The image features a table covered with a blue cloth, displaying a variety of fruits. There are several apples scattered across the table, with some placed closer to the front and others further back. A few oranges are also present, with one located near the top right corner and another towards the bottom right.

In addition to the fruits, there is a carrot placed on the table, positioned towards the top right corner. The arrangement of the fruits and vegetables creates a colorful and inviting display.","The image features a table covered with a blue cloth, displaying a variety of fruits and vegetables. There are several apples scattered across the table, with some placed closer to the front and others towards the back. A few apples are also placed on the table's surface.

In addition to the apples, there are several oranges and an orange placed on the table. The oranges are scattered around the table, with some located near the apples and others placed separately. The table is filled with a variety of fruits and vegetables, creating a colorful and vibrant display."
96762,COCO_val2014_000000096762.jpg,5,4,4,1,0,0,1,0,0,1,traffic light,,,truck,"The image depicts a rainy day in a city, with people walking down a wet street. A woman is walking across the street, holding a pink umbrella to shield herself from the rain. She is wearing a brown coat and a hat, and she is carrying a handbag. 

There are several other people walking around her, some of them also holding umbrellas to protect themselves from the rain. A few cars are parked or driving on the street, and a traffic light is visible in the background. The scene captures the hustle and bustle of a typical city","The image depicts a rainy day in a city, with people walking down a wet city street. A woman is walking across the street, holding a pink umbrella to shield herself from the rain. She is wearing a brown coat and a brown hat, and she is carrying a handbag. 

There are several other people walking on the street, some of them also holding umbrellas to shield themselves from the rain. A few people are walking in the rain without umbrellas, braving the rain. 

The street is busy with traffic, including cars and a truck"
96832,COCO_val2014_000000096832.jpg,7,6,6,1,0,4,1,3,1,0,tv,,backpack; book; cell phone,,"The image features a man sitting at a desk in a room, working on a laptop computer. The desk is cluttered with various items, including a keyboard, a mouse, and a cell phone. There are also two cups on the desk, one near the laptop and the other closer to the edge.

In addition to the laptop, there is another computer monitor on the desk, and a chair is positioned in front of the desk. A backpack can be seen placed on the floor near the desk, and a book is located on the desk as well. The room appears to","The image features a man sitting at a desk in a room, working on his laptop. The man is seated in a chair, and the laptop is placed on the desk in front of him. The desk is cluttered with various items, including a laptop, a laptop computer, a laptop computer, and a laptop computer. 

In addition to the laptop, the desk also has a keyboard, a mouse, and a cup. There are two chairs in the room, one where the man is seated and another one placed further away. The room appears to be a workspace or a home"
